X , H2, CH4, CO, CO2 
1e-09,5515828867.07,21126708209.6,40791503.4055,50986478.25
0.061216001,5516361035.74,21126603911.3,40791502.9986,50986478.0573
0.122432001,5517966446.73,21126291016.2,40791501.7895,50986477.4875
0.183648001,5520671963.91,21125769525.0,40791499.8134,50986476.566
0.244864001,5524522859.54,21125039438.2,40791497.1303,50986475.3356
0.306080001,5529583571.78,21124100756.7,40791493.8264,50986473.8586
0.367296001,5535938782.78,21122953481.8,40791490.0003,50986472.2036
0.428512001,5543694835.61,21121597614.8,40791485.806,50986470.4833
0.489728001,5552981513.48,21120033157.4,40791481.408,50986468.8145
0.550944001,5563954211.31,21118260111.2,40791477.0098,50986467.3432
0.612160001,5576796535.64,21116278478.1,40791472.8528,50986466.2425
0.673376001,5591723376.76,21114088260.1,40791469.211,50986465.7075
0.734592001,5608984504.06,21111689459.2,40791466.4199,50986465.9797
0.795808001,5628868745.16,21109082077.4,40791464.8541,50986467.3271
0.857024001,5651708818.42,21106266116.5,40791464.9491,50986470.0617
0.918240001,5677886899.86,21103241578.2,40791467.2055,50986474.542
0.979456001,5707841017.55,21100008464.1,40791472.1988,50986481.1808
1.040672001,5742072380.57,21096566775.1,40791480.5697,50986490.4346
1.101888001,5781153764.98,21092916511.9,40791493.0856,50986502.8558
1.163104001,5825739097.33,21089057674.5,40791510.5954,50986519.0515
1.224320001,5876574395.88,21084990262.2,40791534.0753,50986539.721
1.285536001,5934510252.65,21080714273.1,40791564.6394,50986565.6626
1.346752001,6000516065.23,21076229704.6,40791603.547,50986597.7768
1.407968001,6075696256.33,21071536552.2,40791652.2534,50986637.1076
1.469184001,6161308752.53,21066634810.3,40791712.4001,50986684.8304
1.530400001,6258786031.41,21061524471.0,40791785.8611,50986742.2873
1.591616001,6369759089.22,21056205524.3,40791874.7705,50986811.0072
1.652832001,6496084729.98,21050677957.5,40791981.5604,50986892.7326
1.714048001,6639876632.87,21044941754.9,40792108.9769,50986989.4274
1.775264001,6803540717.41,21038996897.3,40792260.1893,50987103.3655
1.836480001,6989815398.33,21032843361.1,40792438.7715,50987237.1053
1.897696001,7201817403.67,21026481118.2,40792648.8004,50987393.5672
1.958912001,7443093922.6,21019910134.8,40792894.9177,50987576.0761
2.020128001,7717681955.56,21013130370.9,40793182.393,50987788.4048
2.081344001,8030175859.75,21006141779.2,40793517.2485,50988034.869
2.142560001,8385804220.07,20998944304.0,40793906.3183,50988320.3631
2.203776001,8790517331.68,20991537879.9,40794357.3856,50988650.4621
2.264992001,9251086758.0,20983922430.8,40794879.3084,50989031.5107
2.326208001,9775218629.74,20976097867.9,40795482.1599,50989470.7234
2.387424001,10371682580.8,20968064088.0,40796177.4183,50989976.3228
2.448640001,11050458478.4,20959820971.4,40796978.1351,50990557.6569
2.509856001,11822903402.0,20951368379.9,40797899.169,50991225.3683
2.571072001,12701941665.5,20942706153.6,40798957.4393,50991991.5748
2.632288001,13702281061.6,20933834108.4,40800172.2378,50992870.0904
2.693504001,14840658947.1,20924752032.1,40801565.6337,50993876.7033
2.754720001,16136122284.9,20915459680.8,40803163.25,50995029.7071
2.815936001,17610346330.8,20905956774.3,40804995.9614,50996350.9882
2.877152001,19287997294.9,20896242991.1,40807105.2472,50997869.4291
2.938368001,21197145046.8,20886317962.4,40809561.3934,50999632.3573
2.999584001,23369732769.4,20876181266.0,40812528.4515,51001746.2888
3.060800001,25842111419.4,20865832418.1,40816499.3652,51004524.2827
3.122016001,28655647936.9,20855270865.6,40823150.5226,51009021.3045
3.183232001,31857417380.6,20844495975.7,40838452.5078,51018982.9148
3.244448001,35500990568.4,20833507025.3,40883998.3682,51047941.4984
3.305664001,39647330402.9,20822303188.0,41038263.114,51145061.7403
3.366880001,44365811876.5,20810883519.2,41586884.3051,51489278.0968
3.428096001,49735382820.9,20799246937.7,43570040.655,52732178.9651
3.489312001,55845884812.9,20787392198.5,50776219.0953,57246925.4868
3.550528001,62799556301.1,20775317841.0,77004305.3078,73677312.1817
3.611744001,70712742977.9,20763022051.9,172515007.915,133507267.791
3.672960001,79698215430.0,20837621186.8,475749044.5,323848338.0
3.734176001,87764467870.0,21039156497.1,797467181.25,526298643.875
3.795392001,94009492974.0,21214255714.0,1045537506.5,682431109.25
3.856608001,98433161792.0,21362882102.0,1219714246.75,792082515.375
3.917824001,101035381027.0,21485009131.3,1319819450.75,855134812.25
3.979040001,101816093061.0,21580620491.9,1345743056.0,871515154.25
4.040256001,100775275996.0,21649710102.2,1297442927.25,841195927.75
4.101472001,97912943637.0,21692282112.2,1174944872.25,764194758.125
4.162688001,93229145497.0,21708350902.0,978342634.5,640574504.25
4.223904001,86723966780.0,21697941073.4,707797854.75,470443238.625
4.285120001,78397528351.0,21661087437.8,363540013.25,253954210.625
4.346336001,69558249678.1,21609306071.0,129784498.39,106956715.704
4.407552001,61785468669.7,21557246601.1,65277786.4473,66391002.6576
4.468768001,54955228785.7,21504964072.1,47561287.5997,55249271.5019
4.529984001,48953249966.8,21452460360.4,42691521.1169,52186254.9732
4.591200001,43679110063.0,21399737043.6,41349405.4957,51341670.1229
4.652416001,39044564773.1,21346795500.5,40976360.0999,51106553.6965
4.713632001,34972071221.6,21293636952.6,40869871.3296,51039124.3106
4.774848001,31393490554.8,21240262488.1,40837006.7541,51018049.5726
4.836064001,28248947871.7,21186673079.4,40824744.0205,51009979.8182
4.897280001,25485830422.2,21132869597.7,40818478.8294,51005725.2039
4.958496001,23057907312.5,21078852825.3,40814160.0711,51002732.9266
5.019712001,20924555987.5,21024623466.3,40810639.0182,51000275.9735
5.080928001,19050082551.3,20970182156.6,40807568.1907,50998131.7515
5.142144001,17403124550.6,20915529471.9,40804823.9894,50996218.9498
5.203360001,15956126231.2,20860665934.9,40802347.7033,50994497.4971
5.264576001,14684877485.8,20805592022.3,40800101.4389,50992940.7946
5.325792001,13568108780.6,20750308170.0,40798055.6759,50991527.8477
5.387008001,12587135281.6,20694814778.2,40796185.5059,50990240.8555
5.448224001,11725544227.5,20639112215.9,40794469.3348,50989064.3618
5.509440001,10968920318.4,20583200824.6,40792888.275,50987984.841
5.570656001,10304604523.9,20527080921.8,40791425.7634,50986990.4301
5.631872001,9721482278.39,20470752803.8,40790067.2487,50986070.7045
5.693088001,9209797515.57,20414216748.5,40788799.987,50985216.5384
5.754304001,8760989434.51,20357473017.5,40787612.7771,50984419.9076
5.815520001,8367549263.49,20300521858.2,40786495.7998,50983673.7788
5.876736001,8022894626.35,20243363505.6,40785440.4488,50982971.9875
5.937952001,7721259408.7,20185998183.8,40784439.175,50982309.125
5.999168001,7457597281.72,20128426107.2,40783485.3905,50981680.474
6.060384001,7227497268.93,20070647482.0,40782573.3237,50981081.8996
6.121600001,7027109943.52,20012662507.0,40781697.9415,50980509.7968
6.182816001,6853083021.29,19954471374.5,40780854.8619,50979961.0269
6.244032001,6702505271.59,19896074271.2,40780040.2729,50979432.8581
6.305248001,6572857807.71,19837471378.8,40779250.8886,50978922.9379
6.366464001,6461971941.97,19778662874.6,40778483.8715,50978429.2335
6.427680001,6367992900.02,19719648932.0,40777736.7975,50977950.0082
6.488896001,6289348787.55,19660429721.1,40777007.6128,50977483.791
6.550112001,6224724289.96,19601005408.7,40776294.6013,50977029.3529
6.611328001,6173038665.06,19541376158.9,40775596.336,50976585.6694
6.672544001,6133427660.51,19481542133.5,40774911.7063,50976151.9475
6.733760001,6105229053.49,19421503491.6,40774239.841,50975727.5622
6.794976001,6087971570.65,19361260390.6,40773580.1259,50975312.0734
6.856192001,6081367003.0,19300812985.3,40772932.1873,50974905.2135
6.917408001,6085305383.65,19240161429.0,40772295.8728,50974506.8718
6.978624001,6099853147.89,19179305872.9,40771671.2834,50974117.1222
7.039840001,6125254244.81,19118246466.0,40771058.7351,50973736.1904
7.101056001,6161934218.92,19056983355.6,40770458.7866,50973364.4764
7.162272001,6210507330.17,18995516686.6,40769872.244,50973002.5576
7.223488001,6271786831.54,18933846601.9,40769300.1658,50972651.1911
7.284704001,6346798576.06,18871973241.6,40768743.9037,50972311.346
7.345920001,6436798180.92,18809896743.3,40768205.0987,50971984.1973
7.407136001,6543292036.0,18747617241.7,40767685.7228,50971671.1574
7.468352001,6668062508.19,18685134867.8,40767188.1098,50971373.8978
7.529568001,6813197763.18,18622449749.3,40766714.9953,50971094.3784
7.590784001,6981126703.86,18559562009.1,40766269.5411,50970834.8609
7.652000001,7174659609.74,18496471765.8,40765855.4456,50970597.9976
7.713216001,7397035157.39,18433179132.0,40765476.9408,50970386.8184
7.774432001,7651974608.7,18369684214.5,40765138.9029,50970204.8151
7.835648001,7943744073.56,18305987112.7,40764846.9394,50970056.0024
7.896864001,8277225888.65,18242087917.9,40764607.5141,50969945.0005
7.958080001,8658000306.77,18177986712.3,40764428.2621,50969877.2516
8.019296001,9092438863.39,18113683567.3,40764318.6811,50969859.4541
8.080512001,9587810982.63,18049178542.5,40764292.5339,50969901.0881
8.141728001,10152405606.3,17984471683.5,40764376.1557,50970019.6404
8.202944001,10795669881.3,17919563020.3,40764638.3195,50970259.3563
8.264160001,11528367225.2,17854452564.9,40765298.6293,50970759.2726
8.325376001,12362757415.8,17789140309.0,40767121.6856,50972000.5369
8.386592001,13312801716.5,17723626220.7,40772852.3313,50975706.9354
8.447808001,14394396470.5,17657910241.8,40792442.6526,50988124.438
8.509024001,15625639072.3,17591992283.5,40862090.0429,51031966.073
8.570240001,17027130764.7,17525872222.0,41113580.5895,51189919.3713
8.631456001,18622321329.1,17459549892.8,42026864.2584,51763117.1513
8.692672001,20437901428.6,17393025080.9,45350033.3705,53848350.9914
8.753888001,22504249155.4,17326297500.7,57450249.6606,61440513.4072
8.815104001,24855938193.6,17259366736.2,101519155.12,89090535.058
8.876320001,26829863490.0,17183811353.0,177010208.75,136455736.625
8.937536001,27024327157.0,17082593249.5,184670505.75,141262080.0
8.998752001,25398743706.0,16955224121.0,120893170.0,101246272.5
9.059968001,22979405769.2,16814157685.1,62776749.6421,64782530.0714
9.121184001,20852916379.7,16672883803.0,46806636.8325,54762307.3016
9.182400001,18984144866.2,16531408849.1,42419365.6091,52009429.1196
9.243616001,17341825029.2,16389733651.6,41212300.3011,51251902.8268
9.304832001,15898479514.1,16247858960.5,40878520.0023,51042315.9511
9.366048001,14629960111.1,16105785472.3,40784650.8715,50983274.2953
9.427264001,13515043728.6,15963513841.2,40756784.6275,50965661.9505
9.488480001,12535077299.8,15821044685.4,40747158.9514,50959509.7593
9.549696001,11673665687.8,15678378591.7,40742646.2265,50956579.3059
9.610912001,10916397368.8,15535516119.6,40739629.3811,50954599.4992
9.672128001,10250603304.9,15392457804.8,40737103.9779,50952938.6655
9.733344001,9665144970.24,15249204162.0,40734784.2246,50951416.1961
9.794560001,9150227985.95,15105755687.5,40732582.8695,50949976.2133
9.855776001,8697238244.51,14962112861.6,40730468.2014,50948597.8183
9.916992001,8298597781.9,14818276150.7,40728424.7002,50947270.3929
9.978208001,7947637986.18,14674246008.7,40726442.1072,50945986.7257
10.039424001,7638488020.91,14530022879.0,40724512.3261,50944741.0552
10.100640001,7365976596.69,14385607195.8,40722628.4633,50943528.4517
10.161856001,7125545447.21,14240999384.8,40720784.5343,50942344.6347
10.223072001,6913173062.17,14096199865.1,40718975.2246,50941185.8008
10.284288001,6725307400.96,13951209049.5,40717195.7326,50940048.5241
10.345504001,6558806461.34,13806027345.6,40715441.3787,50938929.5013
10.406720001,6410885708.75,13660655156.2,40713706.4368,50937824.8094
10.467936001,6279071486.53,13515092880.8,40711980.0449,50936727.3148
10.529152001,6161159627.74,13369340915.0,40710231.6086,50935617.4711
10.590368001,6055178575.9,13223399651.9,40708357.5248,50934429.6835
10.651584001,5959356397.69,13077269482.4,40705987.5209,50932930.1127
10.712800001,5872091135.67,12930950795.3,40701779.2525,50930271.5617
10.774016001,5791924005.01,12784443978.0,40690849.0793,50923372.2923
10.835232001,5738445121.19,12679633745.5,40672080.839,50911528.3003
10.896448001,5712642409.87,12623638835.1,40666229.6452,50907835.8692
10.957664001,5689185668.04,12567550299.3,40663662.9879,50906216.2173
11.018880001,5667868926.41,12511368193.7,40662383.7222,50905409.1027
11.080096001,5648505024.27,12455092573.8,40661609.3954,50904920.7721
11.141312001,5630923964.58,12398723495.2,40661033.4024,50904557.7401
11.202528001,5614971419.91,12342261013.3,40660535.5551,50904244.1542
11.263744001,5600507375.99,12285705183.5,40660068.7034,50903950.2518
11.324960001,5587404901.21,12229056061.1,40659614.2312,50903664.268
11.386176001,5575549031.0,12172313701.3,40659164.9115,50903381.6431
11.447392001,5564835757.4,12115478159.5,40658717.7817,50903100.4955
11.508608001,5555171114.97,12058549491.0,40658271.6457,50902820.063
11.569824001,5546470354.91,12001527750.9,40657825.9903,50902540.0147
11.631040001,5538657200.25,11944412994.6,40657380.5748,50902260.1928
11.692256001,5531663175.39,11887205277.2,40656935.2707,50901980.511
11.753472001,5525427004.34,11829904654.2,40656490.0017,50901700.9168
11.814688001,5519894072.14,11772511180.7,40656044.6427,50901421.3205
11.875904001,5515015944.84,11715024912.2,40655599.2278,50901141.7482
11.937120001,5510749943.84,11657445904.0,40655153.6835,50900862.1467
11.998336001,5507058770.79,11599774211.4,40654707.9742,50900582.4908
12.059552001,5503910179.78,11542009889.9,40654262.07,50900302.7587
12.120768001,5501276693.9,11484152995.1,40653815.9461,50900022.9329
12.181984001,5499135363.78,11426203582.3,40653369.5835,50899742.9997
12.243200001,5497467565.91,11368161707.2,40652922.9711,50899462.9512
12.304416001,5496258838.89,11310027425.3,40652476.1113,50899182.7894
12.365632001,5495498756.39,11251800792.4,40652028.857,50898902.4065
12.426848001,5495180835.5,11193481864.0,40651581.3839,50898621.9315
12.488064001,5495302479.74,11135070696.1,40651133.6207,50898341.312
12.549280001,5495864956.24,11076567344.2,40650685.5692,50898060.5492
12.610496001,5496873406.89,11017971864.4,40650237.2356,50897779.6477
12.671712001,5498336893.53,10959284312.6,40649788.6308,50897498.6152
12.732928001,5500268477.57,10900504744.5,40649339.7731,50897217.4649
12.794144001,5502685334.81,10841633216.3,40648890.6923,50896936.2182
12.855360001,5505608906.4,10782669784.0,40648441.2922,50896654.8044
12.916576001,5509065087.27,10723614503.6,40647991.7523,50896373.3544
12.977792001,5513084453.71,10664467431.2,40647542.0427,50896091.846
13.039008001,5517702532.13,10605228623.1,40647092.198,50895810.3037
13.100224001,5522960111.27,10545898135.4,40646642.2579,50895528.7561
13.161440001,5528903600.72,10486476024.3,40646192.2686,50895247.2362
13.222656001,5535585438.76,10426962346.1,40645742.2846,50894965.7831
13.283872001,5543064553.32,10367357157.0,40645292.3737,50894684.4455
13.345088001,5551406879.78,10307660513.3,40644842.4992,50894403.1953
13.406304001,5560685940.58,10247872471.4,40644392.8623,50894122.179
13.467520001,5570983491.33,10187993087.4,40643943.4903,50893841.4152
13.528736001,5582390239.38,10128022417.8,40643494.4688,50893560.9653
13.589952001,5595006641.04,10067960518.7,40643045.8912,50893280.8963
13.651168001,5608943784.48,10007807446.4,40642597.8572,50893001.2804
13.712384001,5624324366.07,9947563257.29,40642150.4686,50892722.192
13.773600001,5641283768.77,9887228007.39,40641703.8157,50892443.6999
13.834816001,5659971251.96,9826801752.88,40641257.9418,50892165.846
13.896032001,5680551263.3,9766284549.84,40640812.7519,50891888.5892
13.957248001,5703204884.04,9705676454.25,40640367.0652,50891611.1411
14.018464001,5728131420.53,9644977521.99,40639919.7505,50891332.8748
14.079680001,5755550155.9,9584187808.84,40639465.5115,50891050.4278
14.140896001,5785702277.33,9523307370.43,40638991.237,50890755.5212
14.202112001,5818852995.82,9462336262.24,40638463.1239,50890426.7831
14.263328001,5855293877.13,9401274539.57,40637794.5157,50890009.3938
14.324544001,5895345404.27,9340122257.5,40636763.7979,50889363.1248
14.385760001,5939359794.27,9278879470.91,40634804.8033,50888129.6911
14.446976001,5987724093.76,9217546234.37,40630471.7668,50885394.1358
14.508192001,6040863580.7,9156122602.19,40620073.4881,50878820.425
14.569408001,6061574049.04,9134493574.89,40615248.0404,50875768.9502
14.630624001,6081608286.78,9116223416.79,40613099.819,50874411.3242
14.691840001,6104135755.98,9097914519.17,40611913.5773,50873662.5045
14.753056001,6129244437.36,9079566886.61,40611243.0555,50873240.1335
14.814272001,6157032390.43,9061180523.65,40610849.3675,50872993.0662
14.875488001,6187608136.45,9042755434.75,40610604.6543,50872840.408
14.936704001,6221091082.09,9024291624.33,40610440.5017,50872738.8774
14.997920001,6257611985.75,9005789096.73,40610320.3246,50872665.3325
15.059136001,6297313468.06,8987247856.21,40610224.5821,50872607.4165
15.120352001,6340350568.81,8968667906.98,40610142.8628,50872558.5492
15.181568001,6386891352.33,8950049253.17,40610069.6472,50872515.2458
15.242784001,6437117563.69,8931391898.8,40610002.0182,50872475.6926
15.304000001,6491225338.39,8912695847.85,40609938.5155,50872438.943
15.365216001,6549425968.18,8893961104.15,40609878.3976,50872404.5525
15.426432001,6611946726.12,8875187671.5,40609821.3461,50872372.3314
15.487648001,6679031753.97,8856375553.54,40609767.2677,50872342.2338
15.548864001,6750943015.47,8837524753.82,40609716.1957,50872314.2943
15.610080001,6827961319.29,8818635275.79,40609668.2367,50872288.5953
15.671296001,6910387415.43,8799707122.76,40609623.5432,50872265.2488
15.732512001,6998543169.56,8780740297.9,40609582.2986,50872244.3876
15.793728001,7092772819.84,8761734804.26,40609544.7102,50872226.1603
15.854944001,7193444321.01,8742690644.72,40609511.0059,50872210.7295
15.916160001,7300950781.14,8723607822.02,40609481.4133,50872198.2804
15.977376001,7415711996.61,8704486338.72,40609456.2225,50872188.9885
16.038592001,7538176091.25,8685326197.19,40609435.7051,50872183.0617
16.099808001,7668821266.16,8666127399.63,40609420.1633,50872180.7162
16.161024001,7808157666.84,8646889948.01,40609409.9195,50872182.1832
16.222240001,7956729375.25,8627613844.11,40609405.3178,50872187.7089
16.283456001,8115116534.18,8608299089.44,40609406.7255,50872197.5564
16.344672001,8283937612.55,8588945685.31,40609414.5348,50872212.0062
16.405888001,8463851820.36,8569553632.71,40609429.1644,50872231.3578
16.467104001,8655561682.61,8550122932.39,40609451.0625,50872255.9311
16.528320001,8859815782.52,8530653584.78,40609480.7096,50872286.0686
16.589536001,9077411684.42,8511145589.99,40609518.605,50872322.1474
16.650752001,9309199048.02,8491598947.81,40609565.3319,50872364.553
16.711968001,9556082946.03,8472013657.62,40609621.4937,50872413.726
16.773184001,9819027398.2,8452389718.47,40609687.7759,50872470.1502
16.834400001,10099059135.5,8432727128.95,40609764.97,50872534.3793
16.895616001,10397271609.0,8413025887.22,40609854.033,50872607.0738
16.956832001,10714829259.8,8393285991.0,40609956.1978,50872689.0701
17.018048001,11052972065.3,8373507437.46,40610073.1754,50872781.5069
17.079264001,11413020381.5,8353690223.28,40610207.533,50872886.0605
17.140480001,11796380098.0,8333834344.56,40610363.3945,50873005.3813
17.201696001,12204548127.8,8313939796.77,40610547.7495,50873143.909
17.262912001,12639118252.1,8294006574.78,40610772.8762,50873309.4004
17.324128001,13101787343.8,8274034672.73,40611060.9497,50873515.7376
17.385344001,13594361992.9,8254024084.06,40611452.477,50873788.2598
17.446560001,14118765560.8,8233974801.41,40612022.2182,50874173.6304
17.507776001,14677045690.4,8213886816.61,40612908.8363,50874758.3093
17.568992001,15271382301.3,8193760120.58,40614370.2907,50875703.0446
17.630208001,15904096101.8,8173594703.32,40616887.3006,50877307.2946
17.691424001,16577657650.7,8153390553.82,40621356.5916,50880129.5538
17.752640001,17294697003.5,8133147659.99,40629451.8449,50885212.0998
17.813856001,18058013982.4,8112866008.61,40644297.8865,50894500.7791
17.875072001,18870589108.4,8092545585.24,40671729.9549,50911629.0955
17.936288001,19735595239.3,8072186374.13,40722645.7874,50943382.7612
17.997504001,20656409958.7,8051788358.16,40817398.9997,51002435.1932
18.058720001,21636628764.2,8031351518.68,40994005.0369,51112457.0505
18.119936001,22680079106.7,8010875835.44,41323468.6876,51317659.9211
18.181152001,23790835335.1,7990361286.38,41938413.2754,51700622.4008
18.242368001,24973234605.0,7969807847.45,43086555.2884,52415586.2657
18.303584001,26231893813.7,7949215492.28,45230586.1829,53750648.2525
18.364800001,27571727626.5,7928584191.66,49234735.1592,56243924.0849
18.426016001,28997967665.5,7907913912.71,56713237.7338,60900523.7977
18.487232001,30516182934.5,7887204617.39,70681217.713,69597826.0108
18.548448001,32132301558.8,7866456259.89,96770427.6629,85842463.7266
18.609664001,34311358710.0,7861451600.19,158831923.0,124608530.063
18.670880001,38266153904.0,7924948605.86,280574315.0,201039599.125
18.732096001,41465523485.0,7977711999.08,373548059.5,259421460.563
18.793312001,43909452201.0,8019737645.83,437724150.5,299734568.438
18.854528001,45597928643.0,8051022507.17,473080937.0,321964287.563
18.915744001,46530945240.0,8071564639.95,479604124.5,326100894.438
18.976960001,46708498257.0,8081363196.59,457286774.0,312139577.313
19.038176001,41347033877.4,8086425179.0,142292123.497,114707304.473
19.099392001,34338598864.8,8092216749.43,52228021.3013,58206455.1907
19.160608001,28740215954.5,8097108570.54,42284542.3303,51959798.9581
19.221824001,24278615910.1,8101139288.43,41176767.8672,51262019.7208
19.283040001,20736010171.3,8104319206.4,41045456.4597,51178405.7933
19.344256001,17939469074.5,8106654256.8,41023726.2966,51163968.4193
19.405472001,15752481459.3,8108148882.38,41015650.9117,51158298.0543
19.466688001,14068291093.4,8108806542.13,41010374.9545,51154526.2841
19.527904001,12804685460.6,8108629913.93,41006486.5254,51151740.7712
19.589120001,11899982620.0,8107621029.78,41003669.2473,51149725.6007
19.650336001,11310020249.4,8105781375.0,41001774.1204,51148375.1355
19.711552001,11005999894.3,8103111959.02,41000711.6268,51147625.3216
19.772768001,10973081193.5,8099613361.51,41000436.2709,51147443.5547
19.833984001,11209657458.1,8095285756.17,41000943.1266,51147826.2959
19.895200001,11727277242.0,8090128913.3,41002267.4807,51148798.8539
19.956416001,12551208075.7,8084142181.27,41004486.5213,51150416.57
20.017632001,13721669882.2,8077324446.06,41007723.1073,51152767.5277
20.078848001,15295798281.5,8069674066.8,41012151.7771,51155976.8751
20.140064001,17350433623.4,8061188784.23,41018007.2537,51160212.9062
20.201280001,19985871890.3,8051865597.6,41025595.9057,51165695.2813
20.262496001,23330760570.5,8041700603.96,41035310.7089,51172705.7659
20.323712001,27548378487.4,8030688792.03,41047650.4201,51181601.9652
20.384928001,32844606132.6,8018823780.63,41063243.9271,51192834.7855
20.446144001,39477975565.9,8006097488.84,41082880.9802,51206970.4734
20.507360001,47772290462.6,7992499721.73,41107550.9864,51224718.3966
20.568576001,58132432345.1,7978017651.65,41138493.585,51246967.0726
20.629792001,71064124568.6,7962635169.53,41177279.8223,51274840.2243
20.691008001,87198618824.1,7946332074.54,41226076.2399,51309866.4641
20.752224001,107323509213.0,7929083062.08,41289450.5584,51355094.3528
20.813440001,132421178053.0,7910856455.42,41390014.4521,51424667.4182
20.874656001,163716750111.0,7891612572.94,41709398.3716,51629914.1791
20.935872001,202737895920.0,7871301230.79,43865870.07,52958486.0788
20.997088001,251389401946.0,7849854446.87,62502019.2066,64332157.1895
21.058304001,312046133806.0,7827139409.46,230393379.897,166547606.682
21.119520001,387668804962.0,7802555744.82,1751873106.3,1091562869.48
21.180736001,405010898526.0,7794051952.34,2706646219.25,1671503233.81
21.241952001,409667089582.0,7768299444.09,3035449344.5,1869597218.13
21.303168001,418418086012.0,7691146964.42,3693618854.75,2264168607.75
21.364384001,425623148052.0,7591141689.95,4285310818.25,2616476591.63
21.425600001,431282146288.0,7468240476.73,4810273253.25,2926357481.25
21.486816001,435394975438.0,7322407196.28,5268300257.0,3193678185.0
21.548032001,437961554373.0,7153612748.31,5659232066.25,3418336245.0
21.609248001,438981826149.0,6961835070.17,5982955098.75,3600259864.0
21.670464001,448932769852.0,7027503453.75,6453224061.0,3900633881.25
21.731680001,458423759564.0,7099212217.08,6878099690.75,4174759091.75
21.792896001,466368109185.0,7147834030.41,7235125256.0,4405728030.13
21.854112001,472765697457.0,7173333192.5,7524069110.25,4593386872.38
21.915328001,477616427430.0,7175681100.38,7744746073.25,4737612624.0
21.976544001,480920226504.0,7154856260.84,7897017485.0,4838313152.25
22.037760001,482677046440.0,7110844299.05,7980791246.25,4895427209.75
22.098976001,482886863359.0,7043637963.94,7996021844.0,4908924449.75
22.160192001,481549677777.0,6953237131.38,7942710368.75,4878805435.38
22.221408001,454787999057.0,5911851620.41,6895187277.25,4248124438.78
22.282624001,416312732288.0,4688528969.28,5640715593.75,3490784389.21
22.343840001,377793022081.0,3722376128.62,4627109965.89,2876726794.8
22.405056001,339233811056.0,2959554424.08,3805782247.93,2377147517.21
22.466272001,300639722901.0,2357698764.97,3138440320.0,1969366631.88
22.527488001,262015127221.0,1883526215.17,2595040200.12,1635617205.47
22.588704001,223364190351.0,1510957190.73,2152179162.5,1362096476.21
22.649920001,184690914945.0,1219643186.58,1791844065.22,1138228865.6
22.711136001,142828083258.0,950158859.374,1444071180.68,920861032.54
22.772352001,109706988180.0,735720776.489,1155928388.37,739781562.215
22.833568001,84266603814.7,569688403.644,923988025.946,593296615.311
22.894784001,64725767186.7,441132545.736,737628938.572,475069382.012
22.956000001,49716373599.4,341592233.598,588145013.285,379848444.904
23.017216001,38187585720.9,264517159.186,468425576.73,303303609.695
23.078432001,29332257475.1,204836098.539,372681625.622,241879858.339
23.139648001,22530420858.4,158622845.581,296213686.681,192669768.385
23.200864001,17305878595.1,122837618.542,235216617.795,153303626.435
23.262080001,13292863254.4,95126883.1808,186616621.263,121855842.612
23.323296001,10210428316.3,73668392.5913,147935964.886,96765978.3085
23.384512001,7842778082.26,57051227.0735,117181277.41,76772613.9848
23.445728001,6024159163.77,44182926.6393,92751722.7294,60858326.7863
23.506944001,4627255687.08,34217595.7341,73363811.8412,48204164.7154
23.568160001,3554275679.8,26500242.7986,57990052.1608,38152158.7198
23.629376001,2730104539.98,20523687.7148,45809042.8797,30174582.8487
23.690592001,2097046221.53,15895198.657,36164993.8617,23848840.9052
23.751808001,1610783938.73,12310661.12,28534971.0481,18837017.0895
23.813024001,1237277579.72,9534578.2315,22502453.9584,14869273.3339
23.874240001,950380604.294,7384585.64676,17736033.1412,11730405.3371
23.935456001,730009576.705,5719461.7069,13972281.0019,9248982.35375
23.996672001,560738177.382,4429843.74484,11002002.3754,7288593.21622
24.057888001,430717257.007,3431039.62256,8659215.69198,5740804.09005
24.119104001,330845324.164,2657461.52752,6812335.53271,4519503.53662
24.180320001,254131391.962,2058315.85264,5357126.47443,3556369.17234
24.241536001,195205575.662,1594265.65103,4211079.58395,2797239.06195
24.302752001,149943178.754,1234846.16237,3308929.66809,2199211.43488
24.363968001,115175950.405,956463.460732,2599085.84869,1728329.59747
24.425184001,88470299.0449,740844.631226,2040792.3288,1357736.2493
24.486400001,67956935.8874,573837.587173,1601872.19632,1066203.72089
24.547616001,52200022.4727,444481.638237,1256936.17392,836964.807678
24.608832001,40096659.8096,344287.455838,985961.701326,656783.801391
24.670048001,30799688.1021,266680.620911,773166.854821,515218.454864
24.731264001,23658383.0042,206568.586155,606118.306238,404035.463725
24.792480001,18172907.609,160007.202837,475025.54583,316746.402371
24.853696001,13959324.508,123941.601542,372182.632535,248240.589148
24.914912001,10722721.2427,96005.6667959,291527.00494,194494.4976
24.976128001,8236567.46388,74366.7339994,228291.011698,152341.969848
25.037344001,6326858.75987,57605.3087824,178726.838966,119292.632255
25.098560001,4859937.20551,44621.9098577,139889.49824,93388.4936409
25.159776001,3733136.06196,34564.9182001,109465.71189,73090.7660473
25.220992001,2867593.75945,26774.6951885,85639.058574,57190.590167
25.282208001,2202734.14749,20740.3008651,66983.7471786,44738.6553322
25.343424001,1692026.63918,16065.9709457,52380.9810759,34989.7442966
25.404640001,1299729.46915,12445.1520296,40953.1382481,27359.0598087
25.465856001,998388.103063,9640.39073689,32011.9945683,21387.8463851
25.527072001,766913.696596,7467.75683189,25018.0109021,16716.3413869
25.588288001,589107.104467,5784.77805074,19548.3326105,13062.5021927
25.649504001,452525.127756,4481.09486667,15271.6466495,10205.2830895
25.710720001,347609.643459,3471.22196429,11928.4339657,7971.49413797
25.771936001,267018.66109,2688.94146334,9315.46492394,6225.47879668
25.833152001,205112.485152,2082.96002363,7273.63024118,4861.00871585
25.894368001,157559.019055,1613.54490454,5678.39299107,3794.92175886
25.955584001,121030.585138,1249.91829069,4432.29950418,2962.13005555
26.016800001,92971.041181,968.238951558,3459.10698345,2311.70436097
26.078016001,71416.8938402,750.038836518,2699.18018224,1803.80364714
26.139232001,54859.8890834,581.01205703,2105.88392161,1407.26822039
26.200448001,42141.4623676,450.076823277,1642.75679027,1097.73353944
26.261664001,32371.6616481,348.648809732,1281.29746088,856.152514685
26.322880001,24866.8686386,270.078293614,999.231275111,667.638145894
26.384096001,19101.9599579,209.214152729,779.15324527,520.557302341
26.445312001,14673.5597672,162.066127956,607.465984851,405.821333557
26.506528001,11271.8129027,125.543203861,473.54866311,316.330898345
26.567744001,8658.70186233,97.250877252,369.106874828,246.541620245
26.628960001,6651.3919889,75.3344511096,287.664189788,192.124198745
26.690176001,5109.43692609,58.3570377977,224.16449837,149.698845478
26.751392001,3924.95144397,45.2056055653,174.661188478,116.627422782
26.812608001,3015.06226645,35.0179500177,136.074165243,90.8510597429
26.873824001,2316.10923382,27.1261684922,105.99997025,70.7632239528
26.935040001,1779.19090637,21.0128730522,82.5634203835,55.1105421504
26.996256001,1366.74289973,16.2772712579,64.3017089605,42.9153186257
27.057472001,1049.90951358,12.6088908785,50.0738825181,33.4150161317
27.118688001,806.524730031,9.76722589869,38.9901497022,26.0149946416
27.179904001,619.561301115,7.56596939775,30.3566867921,20.2516102686
27.241120001,475.939400787,5.8607996148,23.6325498928,15.7634083798
27.302336001,365.61147839,4.53991846486,18.3960436858,12.2686393167
27.363552001,280.859278001,3.51672222734,14.3184754224,9.54771195772
27.424768001,215.753834668,2.72412391235,11.1436755435,7.42950293681
27.485984001,165.740662788,2.11015509407,8.67202030381,5.78067597011
27.547200001,127.3211121,1.63455887988,6.74796854039,4.49735076514
27.608416001,97.8075959357,1.26615066087,5.25034104906,3.49860561923
27.669632001,75.1355653586,0.980773623107,4.08474009554,2.72141085312
27.730848001,57.7190734658,0.759714989632,3.17763868101,2.11667855177
27.792064001,44.3398241129,0.58847916695,2.47177237534,1.64618308919
27.853280001,34.0619422609,0.455837367312,1.92254713142,1.2801608112
27.914496001,26.1665028394,0.353091402617,1.49523943647,0.995439341325
27.975712001,20.101237472,0.27350338608,1.16281430239,0.773979839523
28.036928001,15.4419004095,0.211853954038,0.904224962067,0.601741199286
28.098144001,11.8625907195,0.164100045655,0.703088085158,0.467795193103
28.159360001,9.11295441009,0.127109804455,0.546651698034,0.36363720509
28.220576001,7.00067160191,0.0984572230627,0.42499122653,0.282649381083
28.281792001,5.37800343529,0.0762630661102,0.330383305649,0.219682541487
28.343008001,4.13145771651,0.0590716435681,0.256818108952,0.170730619862
28.404224001,3.17385019535,0.0457553554133,0.199619586951,0.132677180147
28.465440001,2.43820610538,0.0354407307601,0.155149772071,0.103098080513
28.526656001,1.87307556058,0.0274512118749,0.12057857092,0.0801078291575
28.587872001,1.43893469038,0.0212626963957,0.0937045377076,0.062240050308
28.649088001,1.1054211968,0.0164692220893,0.0728153770677,0.0483544022131
28.710304001,0.849210662569,0.0127563297659,0.056579363163,0.037564163848
28.771520001,0.652385160597,0.00988043962155,0.0439608369814,0.0291798840349
28.832736001,0.501180030424,0.0076528757081,0.0341544475351,0.022665537546
28.893952001,0.385021158334,0.00592749098199,0.0265339838844,0.0176044154671
28.955168001,0.29578541975,0.00459108146167,0.0206125640129,0.0136725910419
29.016384001,0.227232553181,0.00355596090042,0.0160116625444,0.0106182803929
29.077600001,0.174568726892,0.00275420904511,0.0124370169462,0.0082457899134
29.138816001,0.134111271455,0.00213321628998,0.00965988616472,0.00640303211353
29.200032001,0.103031127818,0.00165223254259,0.0075024738426,0.00497181748297
29.261248001,0.079154996661,0.00127969396916,0.00582659160284,0.00386030571735
29.322464001,0.0608133507127,0.000991152296375,0.00452484290964,0.00299713648662
29.383680001,0.0467236796947,0.000767670861154,0.00351376762565,0.00232686643165
29.444896001,0.0359008019151,0.000594582208262,0.00272851162509,0.00180642196739
29.506112001,0.0275879696943,0.000460525746678,0.00211868252448,0.00140234197865
29.567328001,0.0212039502039,0.000356702342357,0.00164512785175,0.0010886346899
29.628544001,0.0163023806596,0.000276296952773,0.00127743054141,0.000845112045945
29.689760001,0.0125405552938,0.000214031429828,0.00099196221592,0.000656095324581
29.750976001,0.00965546120368,0.000165818155145,0.000770370171812,0.000509409339583
29.812192001,0.00744538714267,0.000128491785335,0.000598401576457,0.000395600978486
29.873408001,0.00575581909512,9.96015080849e-05,0.000464989842339,0.000307332120649
29.934624001,0.00446863628054,7.72501788412e-05,0.000361544841245,0.000238908103504
29.995840001,0.00349385205438,5.99697828597e-05,0.000281401606293,0.000185911555016
30.057056001,0.00276332213687,4.66250499177e-05,0.000219392272515,0.000144918137126
30.118272001,0.00222598022778,3.63388952174e-05,0.000171513861245,0.000113275975507
30.179488001,0.00184426783609,2.84347913191e-05,0.000134670628514,8.89346191828e-05
30.240704001,0.00159150869372,2.2392285866e-05,0.000106474445525,7.03125345778e-05
30.301920001,0.0014500441969,1.78127413037e-05,8.50903817948e-05,5.61945980113e-05
30.363136001,0.00140963927878,1.44386158783e-05,6.93304312613e-05,4.57934487491e-05
30.424352001,0.00141028840611,1.24134992221e-05,5.98706873868e-05,3.95521848399e-05
30.485568001,0.0014107444256,1.10409996788e-05,5.34591393266e-05,3.53230296406e-05
30.546784001,0.00141101506156,1.02463203009e-05,4.9746717372e-05,3.28746573307e-05
