%,,,H2,CH4,CO,CO2,H2,CH4,CO,CO2,H2,CH4,CO,CO2,H2,CH4,CO,CO2,H2,CH4,CO,CO2,H2,CH4,CO,CO2,H2,CH4,CO,CO2,H2,CH4,CO,CO2,H2,CH4,CO,CO2,H2,CH4,CO,CO2,H2,CH4,CO,CO2,H2,CH4,CO,CO2,H2,CH4,CO,CO2,H2,CH4,CO,CO2,H2,CH4,CO,CO2,H2,CH4,CO,CO2,H2,CH4,CO,CO2,H2,CH4,CO,CO2,H2,CH4,CO,CO2,H2,CH4,CO,CO2,H2,CH4,CO,CO2,H2,CH4,CO,CO2,H2,CH4,CO,CO2,H2,CH4,CO,CO2,H2,CH4,CO,CO2,H2,CH4,CO,CO2,H2,CH4,CO,CO2,H2,CH4,CO,CO2,H2,CH4,CO,CO2,H2,CH4,CO,CO2,H2,CH4,CO,CO2,H2,CH4,CO,CO2,H2,CH4,CO,CO2,H2,CH4,CO,CO2,H2,CH4,CO,CO2
in_Segment = [,,%,1,0,0,0,2,0,0,0,3,0,0,0,4,0,0,0,5,0,0,0,6,0,0,0,7,0,0,0,8,0,0,0,9,0,0,0,10,0,0,0,11,0,0,0,11,0,0,0,12,0,0,0,13,0,0,0,14,0,0,0,15,0,0,0,16,0,0,0,17,0,0,0,18,0,0,0,19,0,0,0,20,0,0,0,21,0,0,0,22,0,0,0,23,0,0,0,24,0,0,0,25,0,0,0,26,0,0,0,27,0,0,0,28,0,0,0,29,0,0,0,30,0,0,0,31,0,0,0,32,0,0,0,33,0,0,0,34,0,0,0
in_d = [,[mm],%,74,0,0,0,63,0,0,0,63,0,0,0,63,0,0,0,63,0,0,0,53,0,0,0,53,0,0,0,53,0,0,0,63,0,0,0,63,0,0,0,58,0,0,0,34,0,0,0,34,0,0,0,120,0,0,0,80,0,0,0,58,0,0,0,58,0,0,0,58,0,0,0,58,0,0,0,80,0,0,0,120,0,0,0,34,0,0,0,34,0,0,0,80,0,0,0,80,0,0,0,63,0,0,0,63,0,0,0,53,0,0,0,53,0,0,0,53,0,0,0,63,0,0,0,63,0,0,0,63,0,0,0,63,0,0,0,74,0,0,0
in_L = [,[mm],%,3090,0,0,0,250,0,0,0,10040,0,0,0,500,0,0,0,13234,0,0,0,500,0,0,0,7928,0,0,0,250,0,0,0,365,0,0,0,360,0,0,0,296,0,0,0,2130,0,0,0,501,0,0,0,5321,0,0,0,4207,0,0,0,5350,0,0,0,3650,0,0,0,3650,0,0,0,5350,0,0,0,4207,0,0,0,5292,0,0,0,501,0,0,0,2130,0,0,0,75,0,0,0,218,0,0,0,360,0,0,0,380,0,0,0,250,0,0,0,8178,0,0,0,250,0,0,0,13484,0,0,0,250,0,0,0,10525,0,0,0,250,0,0,0,3090,0,0,0
in_dist_ref = [,[mm],%,-57971.5,0,0,0,-54881.5,0,0,0,-54631.5,0,0,0,-44591.5,0,0,0,-44091.5,0,0,0,-30857.5,0,0,0,-30357.5,0,0,0,-22429.5,0,0,0,-22179.5,0,0,0,-21814.5,0,0,0,-21454.5,0,0,0,-21158.5,0,0,0,-19028.5,0,0,0,-18527.5,0,0,0,-13206.5,0,0,0,-8999.5,0,0,0,-3649.5,0,0,0,0,0,0,0,3650,0,0,0,9000,0,0,0,13207,0,0,0,18499,0,0,0,19000,0,0,0,21130,0,0,0,21205,0,0,0,21423,0,0,0,21783,0,0,0,22163,0,0,0,22413,0,0,0,30591,0,0,0,30841,0,0,0,44325,0,0,0,44575,0,0,0,55100,0,0,0,55350,0,0,0
in_T = [,[K],%,10,0,0,0,15,0,0,0,10,0,0,0,15,0,0,0,10,0,0,0,15,0,0,0,10,0,0,0,15,0,0,0,300,0,0,0,300,0,0,0,300,0,0,0,300,0,0,0,300,0,0,0,300,0,0,0,300,0,0,0,300,0,0,0,300,0,0,0,300,0,0,0,300,0,0,0,300,0,0,0,300,0,0,0,300,0,0,0,300,0,0,0,300,0,0,0,300,0,0,0,300,0,0,0,300,0,0,0,15,0,0,0,10,0,0,0,15,0,0,0,10,0,0,0,15,0,0,0,10,0,0,0,15,0,0,0,10,0,0,0
in_S = [,[l/s] (H2),%,0.00E+00,0,0,0,0.00E+00,0,0,0,0.00E+00,0,0,0,0.00E+00,0,0,0,0.00E+00,0,0,0,0.00E+00,0,0,0,0.00E+00,0,0,0,0.00E+00,0,0,0,450,0,0,0,0,0,0,0,0,0,0,0,0,0,0,0,0,0,0,0,450,0,0,0,0,0,0,0,0,0,0,0,10,0,0,0,0,0,0,0,10,0,0,0,0,0,0,0,0,0,0,0,450,0,0,0,0,0,0,0,0,0,0,0,0,0,0,0,0,0,0,0,450,0,0,0,0.00E+00,0,0,0,0.00E+00,0,0,0,0.00E+00,0,0,0,0.00E+00,0,0,0,0.00E+00,0,0,0,0.00E+00,0,0,0,0.00E+00,0,0,0,0.00E+00,0,0,0
,[l/s] (CH4),%,0,0.00E+00,0,0,0,0.00E+00,0,0,0,0.00E+00,0,0,0,0.00E+00,0,0,0,0.00E+00,0,0,0,0.00E+00,0,0,0,0.00E+00,0,0,0,0.00E+00,0,0,0,35,0,0,0,0,0,0,0,0,0,0,0,0,0,0,0,0,0,0,0,35,0,0,0,0,0,0,0,0,0,0,0,5,0,0,0,0,0,0,0,5,0,0,0,0,0,0,0,0,0,0,0,35,0,0,0,0,0,0,0,0,0,0,0,0,0,0,0,0,0,0,0,35,0,0,0,0.00E+00,0,0,0,0.00E+00,0,0,0,0.00E+00,0,0,0,0.00E+00,0,0,0,0.00E+00,0,0,0,0.00E+00,0,0,0,0.00E+00,0,0,0,0.00E+00,0,0
,[l/s] (CO),%,0,0,0.00E+00,0,0,0,0.00E+00,0,0,0,0.00E+00,0,0,0,0.00E+00,0,0,0,0.00E+00,0,0,0,0.00E+00,0,0,0,0.00E+00,0,0,0,0.00E+00,0,0,0,230,0,0,0,0,0,0,0,0,0,0,0,0,0,0,0,0,0,0,0,230,0,0,0,0,0,0,0,0,0,0,0,10,0,0,0,0,0,0,0,10,0,0,0,0,0,0,0,0,0,0,0,230,0,0,0,0,0,0,0,0,0,0,0,0,0,0,0,0,0,0,0,230,0,0,0,0.00E+00,0,0,0,0.00E+00,0,0,0,0.00E+00,0,0,0,0.00E+00,0,0,0,0.00E+00,0,0,0,0.00E+00,0,0,0,0.00E+00,0,0,0,0.00E+00,0
,[l/s] (CO2),%,0,0,0,0.00E+00,0,0,0,0.00E+00,0,0,0,0.00E+00,0,0,0,0.00E+00,0,0,0,0.00E+00,0,0,0,0.00E+00,0,0,0,0.00E+00,0,0,0,0.00E+00,0,0,0,230,0,0,0,0,0,0,0,0,0,0,0,0,0,0,0,0,0,0,0,230,0,0,0,0,0,0,0,0,0,0,0,10,0,0,0,0,0,0,0,10,0,0,0,0,0,0,0,0,0,0,0,230,0,0,0,0,0,0,0,0,0,0,0,0,0,0,0,0,0,0,0,230,0,0,0,0.00E+00,0,0,0,0.00E+00,0,0,0,0.00E+00,0,0,0,0.00E+00,0,0,0,0.00E+00,0,0,0,0.00E+00,0,0,0,0.00E+00,0,0,0,0.00E+00
in_g = [,[torrl/s],%,0,0,0,0,0,0,0,0,0,0,0,0,0,0,0,0,0,0,0,0,0,0,0,0,0,0,0,0,0,0,0,0,0,0,0,0,0,0,0,0,0,0,0,0,0,0,0,0,0.00E+00,0,0,0,0,0,0,0,0,0,0,0,0,0,0,0,0,0,0,0,0,0,0,0,0,0,0,0,0,0,0,0,0,0,0,0,0.00E+00,0,0,0,0,0,0,0,0.00E+00,0,0,0,0,0,0,0,0,0,0,0,0,0,0,0,0,0,0,0,0,0,0,0,0,0,0,0,0,0,0,0,0,0,0,0,0,0,0,0,0,0,0,0,0,0,0,0
in_sigma = [,,%,4.45E-23,0,0,0,4.45E-23,0,0,0,4.45E-23,0,0,0,4.45E-23,0,0,0,4.45E-23,0,0,0,4.45E-23,0,0,0,4.45E-23,0,0,0,4.45E-23,0,0,0,4.45E-23,0,0,0,4.45E-23,0,0,0,4.45E-23,0,0,0,4.45E-23,0,0,0,4.45E-23,0,0,0,4.45E-23,0,0,0,4.45E-23,0,0,0,4.45E-23,0,0,0,4.45E-23,0,0,0,4.45E-23,0,0,0,4.45E-23,0,0,0,4.45E-23,0,0,0,4.45E-23,0,0,0,4.45E-23,0,0,0,4.45E-23,0,0,0,4.45E-23,0,0,0,4.45E-23,0,0,0,4.45E-23,0,0,0,4.45E-23,0,0,0,4.45E-23,0,0,0,4.45E-23,0,0,0,4.45E-23,0,0,0,4.45E-23,0,0,0,4.45E-23,0,0,0,4.45E-23,0,0,0,4.45E-23,0,0,0,4.45E-23,0,0,0
,,%,0,3.18E-22,0,0,0,3.18E-22,0,0,0,3.18E-22,0,0,0,3.18E-22,0,0,0,3.18E-22,0,0,0,3.18E-22,0,0,0,3.18E-22,0,0,0,3.18E-22,0,0,0,3.18E-22,0,0,0,3.18E-22,0,0,0,3.18E-22,0,0,0,3.18E-22,0,0,0,3.18E-22,0,0,0,3.18E-22,0,0,0,3.18E-22,0,0,0,3.18E-22,0,0,0,3.18E-22,0,0,0,3.18E-22,0,0,0,3.18E-22,0,0,0,3.18E-22,0,0,0,3.18E-22,0,0,0,3.18E-22,0,0,0,3.18E-22,0,0,0,3.18E-22,0,0,0,3.18E-22,0,0,0,3.18E-22,0,0,0,3.18E-22,0,0,0,3.18E-22,0,0,0,3.18E-22,0,0,0,3.18E-22,0,0,0,3.18E-22,0,0,0,3.18E-22,0,0,0,3.18E-22,0,0,0,3.18E-22,0,0,0,3.18E-22,0,0
,,%,0,0,2.75E-22,0,0,0,2.75E-22,0,0,0,2.75E-22,0,0,0,2.75E-22,0,0,0,2.75E-22,0,0,0,2.75E-22,0,0,0,2.75E-22,0,0,0,2.75E-22,0,0,0,2.75E-22,0,0,0,2.75E-22,0,0,0,2.75E-22,0,0,0,2.75E-22,0,0,0,2.75E-22,0,0,0,2.75E-22,0,0,0,2.75E-22,0,0,0,2.75E-22,0,0,0,2.75E-22,0,0,0,2.75E-22,0,0,0,2.75E-22,0,0,0,2.75E-22,0,0,0,2.75E-22,0,0,0,2.75E-22,0,0,0,2.75E-22,0,0,0,2.75E-22,0,0,0,2.75E-22,0,0,0,2.75E-22,0,0,0,2.75E-22,0,0,0,2.75E-22,0,0,0,2.75E-22,0,0,0,2.75E-22,0,0,0,2.75E-22,0,0,0,2.75E-22,0,0,0,2.75E-22,0,0,0,2.75E-22,0,0,0,2.75E-22,0
,,%,0,0,0,4.29E-22,0,0,0,4.29E-22,0,0,0,4.29E-22,0,0,0,4.29E-22,0,0,0,4.29E-22,0,0,0,4.29E-22,0,0,0,4.29E-22,0,0,0,4.29E-22,0,0,0,4.29E-22,0,0,0,4.29E-22,0,0,0,4.29E-22,0,0,0,4.29E-22,0,0,0,4.29E-22,0,0,0,4.29E-22,0,0,0,4.29E-22,0,0,0,4.29E-22,0,0,0,4.29E-22,0,0,0,4.29E-22,0,0,0,4.29E-22,0,0,0,4.29E-22,0,0,0,4.29E-22,0,0,0,4.29E-22,0,0,0,4.29E-22,0,0,0,4.29E-22,0,0,0,4.29E-22,0,0,0,4.29E-22,0,0,0,4.29E-22,0,0,0,4.29E-22,0,0,0,4.29E-22,0,0,0,4.29E-22,0,0,0,4.29E-22,0,0,0,4.29E-22,0,0,0,4.29E-22,0,0,0,4.29E-22,0,0,0,4.29E-22
in_alpha = [,,%,1.00E-12,0,0,0,1.00E-12,0,0,0,1.00E-12,0,0,0,1.00E-12,0,0,0,1.00E-12,0,0,0,1.00E-12,0,0,0,1.00E-12,0,0,0,1.00E-12,0,0,0,1.00E-12,0,0,0,1.00E-12,0,0,0,5.00E-03,0,0,0,5.00E-03,0,0,0,5.00E-03,0,0,0,5.00E-03,0,0,0,5.00E-03,0,0,0,5.00E-03,0,0,0,5.00E-03,0,0,0,5.00E-03,0,0,0,5.00E-03,0,0,0,5.00E-03,0,0,0,5.00E-03,0,0,0,5.00E-03,0,0,0,5.00E-03,0,0,0,5.00E-03,0,0,0,5.00E-03,0,0,0,1.00E-12,0,0,0,1.00E-12,0,0,0,1.00E-12,0,0,0,1.00E-12,0,0,0,1.00E-12,0,0,0,1.00E-12,0,0,0,1.00E-12,0,0,0,1.00E-12,0,0,0,1.00E-12,0,0,0,1.00E-12,0,0,0
,,%,0,1.00E-12,0,0,0,1.00E-12,0,0,0,1.00E-12,0,0,0,1.00E-12,0,0,0,1.00E-12,0,0,0,1.00E-12,0,0,0,1.00E-12,0,0,0,1.00E-12,0,0,0,1.00E-12,0,0,0,1.00E-12,0,0,0,1.00E-12,0,0,0,1.00E-12,0,0,0,1.00E-12,0,0,0,1.00E-12,0,0,0,1.00E-12,0,0,0,1.00E-12,0,0,0,1.00E-12,0,0,0,1.00E-12,0,0,0,1.00E-12,0,0,0,1.00E-12,0,0,0,1.00E-12,0,0,0,1.00E-12,0,0,0,1.00E-12,0,0,0,1.00E-12,0,0,0,1.00E-12,0,0,0,1.00E-12,0,0,0,1.00E-12,0,0,0,1.00E-12,0,0,0,1.00E-12,0,0,0,1.00E-12,0,0,0,1.00E-12,0,0,0,1.00E-12,0,0,0,1.00E-12,0,0,0,1.00E-12,0,0,0,1.00E-12,0,0
,,%,0,0,1.00E-12,0,0,0,1.00E-12,0,0,0,1.00E-12,0,0,0,1.00E-12,0,0,0,1.00E-12,0,0,0,1.00E-12,0,0,0,1.00E-12,0,0,0,1.00E-12,0,0,0,1.00E-12,0,0,0,1.00E-12,0,0,0,0.5,0,0,0,0.5,0,0,0,0.5,0,0,0,0.5,0,0,0,0.5,0,0,0,0.5,0,0,0,0.5,0,0,0,0.5,0,0,0,0.5,0,0,0,0.5,0,0,0,0.5,0,0,0,0.5,0,0,0,0.5,0,0,0,0.5,0,0,0,0.5,0,0,0,1.00E-12,0,0,0,1.00E-12,0,0,0,1.00E-12,0,0,0,1.00E-12,0,0,0,1.00E-12,0,0,0,1.00E-12,0,0,0,1.00E-12,0,0,0,1.00E-12,0,0,0,1.00E-12,0,0,0,1.00E-12,0
,,%,0,0,0,1.00E-12,0,0,0,1.00E-12,0,0,0,1.00E-12,0,0,0,1.00E-12,0,0,0,1.00E-12,0,0,0,1.00E-12,0,0,0,1.00E-12,0,0,0,1.00E-12,0,0,0,1.00E-12,0,0,0,1.00E-12,0,0,0,0.5,0,0,0,0.5,0,0,0,0.5,0,0,0,0.5,0,0,0,0.5,0,0,0,0.5,0,0,0,0.5,0,0,0,0.5,0,0,0,0.5,0,0,0,0.5,0,0,0,0.5,0,0,0,0.5,0,0,0,0.5,0,0,0,0.5,0,0,0,0.5,0,0,0,1.00E-12,0,0,0,1.00E-12,0,0,0,1.00E-12,0,0,0,1.00E-12,0,0,0,1.00E-12,0,0,0,1.00E-12,0,0,0,1.00E-12,0,0,0,1.00E-12,0,0,0,1.00E-12,0,0,0,1.00E-12
in_alpha_p = [,,%,1.00E-12,0,0,0,1.00E-12,0,0,0,1.00E-12,0,0,0,1.00E-12,0,0,0,1.00E-12,0,0,0,1.00E-12,0,0,0,1.00E-12,0,0,0,1.00E-12,0,0,0,1.00E-12,0,0,0,1.00E-12,0,0,0,1.00E-12,0,0,0,1.00E-12,0,0,0,1.00E-12,0,0,0,1.00E-12,0,0,0,1.00E-12,0,0,0,1.00E-12,0,0,0,1.00E-12,0,0,0,1.00E-12,0,0,0,1.00E-12,0,0,0,1.00E-12,0,0,0,1.00E-12,0,0,0,1.00E-12,0,0,0,1.00E-12,0,0,0,1.00E-12,0,0,0,1.00E-12,0,0,0,1.00E-12,0,0,0,1.00E-12,0,0,0,1.00E-12,0,0,0,1.00E-12,0,0,0,1.00E-12,0,0,0,1.00E-12,0,0,0,1.00E-12,0,0,0,1.00E-12,0,0,0,1.00E-12,0,0,0,1.00E-12,0,0,0
,,%,0,1.00E-12,0,0,0,1.00E-12,0,0,0,1.00E-12,0,0,0,1.00E-12,0,0,0,1.00E-12,0,0,0,1.00E-12,0,0,0,1.00E-12,0,0,0,1.00E-12,0,0,0,1.00E-12,0,0,0,1.00E-12,0,0,0,1.00E-12,0,0,0,1.00E-12,0,0,0,1.00E-12,0,0,0,1.00E-12,0,0,0,1.00E-12,0,0,0,1.00E-12,0,0,0,1.00E-12,0,0,0,1.00E-12,0,0,0,1.00E-12,0,0,0,1.00E-12,0,0,0,1.00E-12,0,0,0,1.00E-12,0,0,0,1.00E-12,0,0,0,1.00E-12,0,0,0,1.00E-12,0,0,0,1.00E-12,0,0,0,1.00E-12,0,0,0,1.00E-12,0,0,0,1.00E-12,0,0,0,1.00E-12,0,0,0,1.00E-12,0,0,0,1.00E-12,0,0,0,1.00E-12,0,0,0,1.00E-12,0,0,0,1.00E-12,0,0
,,%,0,0,1.00E-12,0,0,0,1.00E-12,0,0,0,1.00E-12,0,0,0,1.00E-12,0,0,0,1.00E-12,0,0,0,1.00E-12,0,0,0,1.00E-12,0,0,0,1.00E-12,0,0,0,1.00E-12,0,0,0,1.00E-12,0,0,0,1.00E-12,0,0,0,1.00E-12,0,0,0,1.00E-12,0,0,0,1.00E-12,0,0,0,1.00E-12,0,0,0,1.00E-12,0,0,0,1.00E-12,0,0,0,1.00E-12,0,0,0,1.00E-12,0,0,0,1.00E-12,0,0,0,1.00E-12,0,0,0,1.00E-12,0,0,0,1.00E-12,0,0,0,1.00E-12,0,0,0,1.00E-12,0,0,0,1.00E-12,0,0,0,1.00E-12,0,0,0,1.00E-12,0,0,0,1.00E-12,0,0,0,1.00E-12,0,0,0,1.00E-12,0,0,0,1.00E-12,0,0,0,1.00E-12,0,0,0,1.00E-12,0,0,0,1.00E-12,0
,,%,0,0,0,1.00E-12,0,0,0,1.00E-12,0,0,0,1.00E-12,0,0,0,1.00E-12,0,0,0,1.00E-12,0,0,0,1.00E-12,0,0,0,1.00E-12,0,0,0,1.00E-12,0,0,0,1.00E-12,0,0,0,1.00E-12,0,0,0,1.00E-12,0,0,0,1.00E-12,0,0,0,1.00E-12,0,0,0,1.00E-12,0,0,0,1.00E-12,0,0,0,1.00E-12,0,0,0,1.00E-12,0,0,0,1.00E-12,0,0,0,1.00E-12,0,0,0,1.00E-12,0,0,0,1.00E-12,0,0,0,1.00E-12,0,0,0,1.00E-12,0,0,0,1.00E-12,0,0,0,1.00E-12,0,0,0,1.00E-12,0,0,0,1.00E-12,0,0,0,1.00E-12,0,0,0,1.00E-12,0,0,0,1.00E-12,0,0,0,1.00E-12,0,0,0,1.00E-12,0,0,0,1.00E-12,0,0,0,1.00E-12,0,0,0,1.00E-12
in_eta_i = [,,%,0,0,0,0,0,0,0,0,0,0,0,0,0,0,0,0,0,0,0,0,0,0,0,0,0,0,0,0,0,0,0,0,0.54,0.54,0.54,0.54,0.54,0.54,0.54,0.54,5.40E-02,5.40E-02,5.40E-02,5.40E-02,5.40E-02,5.40E-02,5.40E-02,5.40E-02,5.40E-02,5.40E-02,5.40E-02,5.40E-02,5.40E-02,5.40E-02,5.40E-02,5.40E-02,5.40E-02,5.40E-02,5.40E-02,5.40E-02,5.40E-02,5.40E-02,5.40E-02,5.40E-02,5.40E-02,5.40E-02,5.40E-02,5.40E-02,5.40E-02,5.40E-02,5.40E-02,5.40E-02,5.40E-02,5.40E-02,5.40E-02,5.40E-02,5.40E-02,5.40E-02,5.40E-02,5.40E-02,5.40E-02,5.40E-02,5.40E-02,5.40E-02,5.40E-02,5.40E-02,5.40E-02,5.40E-02,5.40E-02,5.40E-02,5.40E-02,5.40E-02,5.40E-02,5.40E-02,5.40E-02,5.40E-02,5.40E-02,5.40E-02,5.40E-02,5.40E-02,0.54,0.54,0.54,0.54,0.54,0.54,0.54,0.54,0,0,0,0,0,0,0,0,0,0,0,0,0,0,0,0,0,0,0,0,0,0,0,0,0,0,0,0,0,0,0,0
,,%,0,0,0,0,0,0,0,0,0,0,0,0,0,0,0,0,0,0,0,0,0,0,0,0,0,0,0,0,0,0,0,0,0.04,0.05,0.07,0.11,0.04,0.05,0.07,0.11,4.00E-03,5.00E-03,7.00E-03,1.10E-02,4.00E-03,5.00E-03,7.00E-03,1.10E-02,4.00E-03,5.00E-03,7.00E-03,1.10E-02,4.00E-03,5.00E-03,7.00E-03,1.10E-02,4.00E-03,5.00E-03,7.00E-03,1.10E-02,4.00E-03,5.00E-03,7.00E-03,1.10E-02,4.00E-03,5.00E-03,7.00E-03,1.10E-02,4.00E-03,5.00E-03,7.00E-03,1.10E-02,4.00E-03,5.00E-03,7.00E-03,1.10E-02,4.00E-03,5.00E-03,7.00E-03,1.10E-02,4.00E-03,5.00E-03,7.00E-03,1.10E-02,4.00E-03,5.00E-03,7.00E-03,1.10E-02,4.00E-03,5.00E-03,7.00E-03,1.10E-02,4.00E-03,5.00E-03,7.00E-03,1.10E-02,4.00E-03,5.00E-03,7.00E-03,1.10E-02,0.04,0.05,0.07,0.11,0.04,0.05,0.07,0.11,0,0,0,0,0,0,0,0,0,0,0,0,0,0,0,0,0,0,0,0,0,0,0,0,0,0,0,0,0,0,0,0
,,%,0,0,0,0,0,0,0,0,0,0,0,0,0,0,0,0,0,0,0,0,0,0,0,0,0,0,0,0,0,0,0,0,0.25,0.29,0.29,0.33,0.25,0.29,0.29,0.33,2.50E-02,2.90E-02,2.90E-02,3.30E-02,2.50E-02,2.90E-02,2.90E-02,3.30E-02,2.50E-02,2.90E-02,2.90E-02,3.30E-02,2.50E-02,2.90E-02,2.90E-02,3.30E-02,2.50E-02,2.90E-02,2.90E-02,3.30E-02,2.50E-02,2.90E-02,2.90E-02,3.30E-02,2.50E-02,2.90E-02,2.90E-02,3.30E-02,2.50E-02,2.90E-02,2.90E-02,3.30E-02,2.50E-02,2.90E-02,2.90E-02,3.30E-02,2.50E-02,2.90E-02,2.90E-02,3.30E-02,2.50E-02,2.90E-02,2.90E-02,3.30E-02,2.50E-02,2.90E-02,2.90E-02,3.30E-02,2.50E-02,2.90E-02,2.90E-02,3.30E-02,2.50E-02,2.90E-02,2.90E-02,3.30E-02,2.50E-02,2.90E-02,2.90E-02,3.30E-02,0.25,0.29,0.29,0.33,0.25,0.29,0.29,0.33,0,0,0,0,0,0,0,0,0,0,0,0,0,0,0,0,0,0,0,0,0,0,0,0,0,0,0,0,0,0,0,0
,,%,0,0,0,0,0,0,0,0,0,0,0,0,0,0,0,0,0,0,0,0,0,0,0,0,0,0,0,0,0,0,0,0,0.14,0.14,0.14,0.14,0.14,0.14,0.14,0.14,1.40E-02,1.40E-02,1.40E-02,1.40E-02,1.40E-02,1.40E-02,1.40E-02,1.40E-02,1.40E-02,1.40E-02,1.40E-02,1.40E-02,1.40E-02,1.40E-02,1.40E-02,1.40E-02,1.40E-02,1.40E-02,1.40E-02,1.40E-02,1.40E-02,1.40E-02,1.40E-02,1.40E-02,1.40E-02,1.40E-02,1.40E-02,1.40E-02,1.40E-02,1.40E-02,1.40E-02,1.40E-02,1.40E-02,1.40E-02,1.40E-02,1.40E-02,1.40E-02,1.40E-02,1.40E-02,1.40E-02,1.40E-02,1.40E-02,1.40E-02,1.40E-02,1.40E-02,1.40E-02,1.40E-02,1.40E-02,1.40E-02,1.40E-02,1.40E-02,1.40E-02,1.40E-02,1.40E-02,1.40E-02,1.40E-02,1.40E-02,1.40E-02,1.40E-02,1.40E-02,0.14,0.14,0.14,0.14,0.14,0.14,0.14,0.14,0,0,0,0,0,0,0,0,0,0,0,0,0,0,0,0,0,0,0,0,0,0,0,0,0,0,0,0,0,0,0,0
in_eta_p_i = [,,%,0.33,0.33,0.33,0.33,0.33,0.33,0.33,0.33,0.33,0.33,0.33,0.33,0.33,0.33,0.33,0.33,0.33,0.33,0.33,0.33,0.33,0.33,0.33,0.33,0.33,0.33,0.33,0.33,0.33,0.33,0.33,0.33,0,0,0,0,0,0,0,0,0,0,0,0,0,0,0,0,0,0,0,0,0,0,0,0,0,0,0,0,0,0,0,0,0,0,0,0,0,0,0,0,0,0,0,0,0,0,0,0,0,0,0,0,0,0,0,0,0,0,0,0,0,0,0,0,0,0,0,0,0,0,0,0,0,0,0,0,0.33,0.33,0.33,0.33,0.33,0.33,0.33,0.33,0.33,0.33,0.33,0.33,0.33,0.33,0.33,0.33,0.33,0.33,0.33,0.33,0.33,0.33,0.33,0.33,0.33,0.33,0.33,0.33,0.33,0.33,0.33,0.33
,,%,0.02,0.03,0.04,0.07,0.02,0.03,0.04,0.07,0.02,0.03,0.04,0.07,0.02,0.03,0.04,0.07,0.02,0.03,0.04,0.07,0.02,0.03,0.04,0.07,0.02,0.03,0.04,0.07,0.02,0.03,0.04,0.07,0,0,0,0,0,0,0,0,0,0,0,0,0,0,0,0,0,0,0,0,0,0,0,0,0,0,0,0,0,0,0,0,0,0,0,0,0,0,0,0,0,0,0,0,0,0,0,0,0,0,0,0,0,0,0,0,0,0,0,0,0,0,0,0,0,0,0,0,0,0,0,0,0,0,0,0,0.02,0.03,0.04,0.07,0.02,0.03,0.04,0.07,0.02,0.03,0.04,0.07,0.02,0.03,0.04,0.07,0.02,0.03,0.04,0.07,0.02,0.03,0.04,0.07,0.02,0.03,0.04,0.07,0.02,0.03,0.04,0.07
,,%,0.15,0.17,0.17,0.2,0.15,0.17,0.17,0.2,0.15,0.17,0.17,0.2,0.15,0.17,0.17,0.2,0.15,0.17,0.17,0.2,0.15,0.17,0.17,0.2,0.15,0.17,0.17,0.2,0.15,0.17,0.17,0.2,0,0,0,0,0,0,0,0,0,0,0,0,0,0,0,0,0,0,0,0,0,0,0,0,0,0,0,0,0,0,0,0,0,0,0,0,0,0,0,0,0,0,0,0,0,0,0,0,0,0,0,0,0,0,0,0,0,0,0,0,0,0,0,0,0,0,0,0,0,0,0,0,0,0,0,0,0.15,0.17,0.17,0.2,0.15,0.17,0.17,0.2,0.15,0.17,0.17,0.2,0.15,0.17,0.17,0.2,0.15,0.17,0.17,0.2,0.15,0.17,0.17,0.2,0.15,0.17,0.17,0.2,0.15,0.17,0.17,0.2
,,%,0.09,0.09,0.09,0.09,0.09,0.09,0.09,0.09,0.09,0.09,0.09,0.09,0.09,0.09,0.09,0.09,0.09,0.09,0.09,0.09,0.09,0.09,0.09,0.09,0.09,0.09,0.09,0.09,0.09,0.09,0.09,0.09,0,0,0,0,0,0,0,0,0,0,0,0.00E+00,0,0,0,0,0,0,0,0,0,0,0,0,0,0,0,0,0,0,0,0.00E+00,0,0,0,0,0,0,0,0,0,0,0,0.00E+00,0,0,0,0,0,0,0,0,0,0,0,0,0,0,0,0,0,0,0,0,0,0,0,0,0,0,0,0,0,0,0,0,0.09,0.09,0.09,0.09,0.09,0.09,0.09,0.09,0.09,0.09,0.09,0.09,0.09,0.09,0.09,0.09,0.09,0.09,0.09,0.09,0.09,0.09,0.09,0.09,0.09,0.09,0.09,0.09,0.09,0.09,0.09,0.09
in_eta_e = [,,%,0,0,0,0,0,0,0,0,0,0,0,0,0,0,0,0,0,0,0,0,0,0,0,0,0,0,0,0,0,0,0,0,1.80E-03,6.50E-05,4.50E-04,3.90E-04,1.77E-03,6.46E-05,4.52E-04,3.87E-04,3.30E-05,8.30E-07,1.70E-05,1.70E-05,3.30E-05,8.30E-07,1.70E-05,1.70E-05,3.30E-05,8.30E-07,1.70E-05,1.70E-05,3.30E-05,8.30E-07,1.70E-05,1.70E-05,3.30E-05,8.30E-07,1.70E-05,1.70E-05,3.30E-05,8.30E-07,1.70E-05,1.70E-05,3.30E-05,8.30E-07,1.70E-05,1.70E-05,3.30E-05,8.30E-07,1.70E-05,1.70E-05,3.30E-05,8.30E-07,1.70E-05,1.70E-05,3.30E-05,8.30E-07,1.70E-05,1.70E-05,3.30E-05,8.30E-07,1.70E-05,1.70E-05,3.30E-05,8.30E-07,1.70E-05,1.70E-05,3.30E-05,8.30E-07,1.70E-05,1.70E-05,3.30E-05,8.30E-07,1.70E-05,1.70E-05,3.30E-05,8.30E-07,1.70E-05,1.70E-05,1.77E-03,6.46E-05,4.52E-04,3.87E-04,1.80E-03,6.50E-05,4.50E-04,3.90E-04,0,0,0,0,0,0,0,0,0,0,0,0,0,0,0,0,0,0,0,0,0,0,0,0,0,0,0,0,0,0,0,0
in_eta_p_e = [,,%,9.68E-03,8.72E-05,4.17E-04,9.68E-04,9.68E-03,8.72E-05,4.17E-04,9.68E-04,9.68E-03,8.72E-05,4.17E-04,9.68E-04,9.68E-03,8.72E-05,4.17E-04,9.68E-04,9.68E-03,8.72E-05,4.17E-04,9.68E-04,9.68E-03,8.72E-05,4.17E-04,9.68E-04,9.68E-03,8.72E-05,4.17E-04,9.68E-04,9.68E-03,8.72E-05,4.17E-04,9.68E-04,0,0,0,0,0,0,0,0,0,0,0,0,0,0,0,0,0,0,0,0,0,0,0,0,0,0,0,0,0,0,0,0,0,0,0,0,0,0,0,0,0,0,0,0,0,0,0,0,0,0,0,0,0,0,0,0,0,0,0,0,0,0,0,0,0,0,0,0,0,0,0,0,0,0,0,0,9.68E-03,8.72E-05,4.17E-04,9.68E-04,9.68E-03,8.72E-05,4.17E-04,9.68E-04,9.68E-03,8.72E-05,4.17E-04,9.68E-04,9.68E-03,8.72E-05,4.17E-04,9.68E-04,9.68E-03,8.72E-05,4.17E-04,9.68E-04,9.68E-03,8.72E-05,4.17E-04,9.68E-04,9.68E-03,8.72E-05,4.17E-04,9.68E-04,9.68E-03,8.72E-05,4.17E-04,9.68E-04
in_eta_ph = [,,%,0,0,0,0,0,0,0,0,0,0,0,0,0,0,0,0,0,0,0,0,0,0,0,0,0,0,0,0,0,0,0,0,1.50E-04,4.00E-06,1.50E-05,2.50E-05,1.50E-04,4.00E-06,1.50E-05,2.50E-05,2.50E-07,2.50E-09,1.20E-08,1.20E-08,2.50E-07,2.50E-09,1.20E-08,1.20E-08,2.50E-07,2.50E-09,1.20E-08,1.20E-08,2.50E-07,2.50E-09,1.20E-08,1.20E-08,2.50E-07,2.50E-09,1.20E-08,1.20E-08,2.50E-07,2.50E-09,1.20E-08,1.20E-08,2.50E-07,2.50E-09,1.20E-08,1.20E-08,2.50E-07,2.50E-09,1.20E-08,1.20E-08,2.50E-07,2.50E-09,1.20E-08,1.20E-08,2.50E-07,2.50E-09,1.20E-08,1.20E-08,2.50E-07,2.50E-09,1.20E-08,1.20E-08,2.50E-07,2.50E-09,1.20E-08,1.20E-08,2.50E-07,2.50E-09,1.20E-08,1.20E-08,2.50E-07,2.50E-09,1.20E-08,1.20E-08,2.50E-07,2.50E-09,1.20E-08,1.20E-08,1.50E-04,4.00E-06,1.50E-05,2.50E-05,1.50E-04,4.00E-06,1.50E-05,2.50E-05,0,0,0,0,0,0,0,0,0,0,0,0,0,0,0,0,0,0,0,0,0,0,0,0,0,0,0,0,0,0,0,0
in_eta_p_ph = [,,%,1.98E-05,1.42E-06,5.67E-06,1.98E-05,1.98E-05,1.42E-06,5.67E-06,1.98E-05,1.98E-05,1.42E-06,5.67E-06,1.98E-05,1.98E-05,1.42E-06,5.67E-06,1.98E-05,1.98E-05,1.42E-06,5.67E-06,1.98E-05,1.98E-05,1.42E-06,5.67E-06,1.98E-05,1.98E-05,1.42E-06,5.67E-06,1.98E-05,1.98E-05,1.42E-06,5.67E-06,1.98E-05,0,0,0,0,0,0,0,0,0,0,0,0,0,0,0,0,0,0,0,0,0,0,0,0,0,0,0,0,0,0,0,0,0,0,0,0,0,0,0,0,0,0,0,0,0,0,0,0,0,0,0,0,0,0,0,0,0,0,0,0,0,0,0,0,0,0,0,0,0,0,0,0,0,0,0,0,1.98E-05,1.42E-06,5.67E-06,1.98E-05,1.98E-05,1.42E-06,5.67E-06,1.98E-05,1.98E-05,1.42E-06,5.67E-06,1.98E-05,1.98E-05,1.42E-06,5.67E-06,1.98E-05,1.98E-05,1.42E-06,5.67E-06,1.98E-05,1.98E-05,1.42E-06,5.67E-06,1.98E-05,1.98E-05,1.42E-06,5.67E-06,1.98E-05,1.98E-05,1.42E-06,5.67E-06,1.98E-05
in_Cbs = [,,%,120,0,0,0,0,0,0,0,120,0,0,0,0,0,0,0,120,0,0,0,0,0,0,0,120,0,0,0,0,0,0,0,0,0,0,0,0,0,0,0,0,0,0,0,0,0,0,0,0,0,0,0,0,0,0,0,0,0,0,0,0,0,0,0,0,0,0,0,0,0,0,0,0,0,0,0,0,0,0,0,0,0,0,0,0,0,0,0,0,0,0,0,0,0,0,0,0,0,0,0,0,0,0,0,0,0,0,0,0,0,0,0,120,0,0,0,0,0,0,0,120,0,0,0,0,0,0,0,120,0,0,0,0,0,0,0,120,0,0,0
,,%,0,42,0,0,0,42,0,0,0,42,0,0,0,42,0,0,0,42,0,0,0,42,0,0,0,42,0,0,0,42,0,0,0,0,0,0,0,0,0,0,0,0,0,0,0,0,0,0,0,0,0,0,0,0,0,0,0,0,0,0,0,0,0,0,0,0,0,0,0,0,0,0,0,0,0,0,0,0,0,0,0,0,0,0,0,0,0,0,0,0,0,0,0,0,0,0,0,0,0,0,0,0,0,0,0,0,0,0,0,42,0,0,0,42,0,0,0,42,0,0,0,42,0,0,0,42,0,0,0,42,0,0,0,42,0,0,0,42,0,0
,,%,0,0,32,0,0,0,32,0,0,0,32,0,0,0,32,0,0,0,32,0,0,0,32,0,0,0,32,0,0,0,32,0,0,0,0,0,0,0,0,0,0,0,0,0,0,0,0,0,0,0,0,0,0,0,0,0,0,0,0,0,0,0,0,0,0,0,0,0,0,0,0,0,0,0,0,0,0,0,0,0,0,0,0,0,0,0,0,0,0,0,0,0,0,0,0,0,0,0,0,0,0,0,0,0,0,0,0,0,0,0,32,0,0,0,32,0,0,0,32,0,0,0,32,0,0,0,32,0,0,0,32,0,0,0,32,0,0,0,32,0
,,%,0,0,0,26,0,0,0,26,0,0,0,26,0,0,0,26,0,0,0,26,0,0,0,26,0,0,0,26,0,0,0,26,0,0,0,0,0,0,0,0,0,0,0,0,0,0,0,0,0,0,0,0,0,0,0,0,0,0,0,0,0,0,0,0,0,0,0,0,0,0,0,0,0,0,0,0,0,0,0,0,0,0,0,0,0,0,0,0,0,0,0,0,0,0,0,0,0,0,0,0,0,0,0,0,0,0,0,0,0,0,0,26,0,0,0,26,0,0,0,26,0,0,0,26,0,0,0,26,0,0,0,26,0,0,0,26,0,0,0,26
in_Qth = [,,%,0.00E+00,0.00E+00,0.00E+00,0.00E+00,0.00E+00,0.00E+00,0.00E+00,0.00E+00,0.00E+00,0.00E+00,0.00E+00,0.00E+00,0.00E+00,0.00E+00,0.00E+00,0.00E+00,0.00E+00,0.00E+00,0.00E+00,0.00E+00,0.00E+00,0.00E+00,0.00E+00,0.00E+00,0.00E+00,0.00E+00,0.00E+00,0.00E+00,0.00E+00,0.00E+00,0.00E+00,0.00E+00,5.00E-11,1.00E-14,5.00E-14,5.00E-14,1.56E-12,1.04E-15,5.22E-15,5.22E-15,5.00E-14,3.00E-17,1.00E-14,1.00E-14,5.00E-14,3.00E-17,1.00E-14,1.00E-14,5.00E-14,3.00E-17,1.00E-14,1.00E-14,5.00E-14,3.00E-17,1.00E-14,1.00E-14,5.00E-14,3.00E-17,1.00E-14,1.00E-14,5.00E-14,3.00E-17,1.00E-14,1.00E-14,5.00E-14,3.00E-17,1.00E-14,1.00E-14,5.00E-14,3.00E-17,1.00E-14,1.00E-14,5.00E-14,3.00E-17,1.00E-14,1.00E-14,5.00E-14,3.00E-17,1.00E-14,1.00E-14,5.00E-14,3.00E-17,1.00E-14,1.00E-14,5.00E-14,3.00E-17,1.00E-14,1.00E-14,5.00E-14,3.00E-17,1.00E-14,1.00E-14,5.00E-14,3.00E-17,1.00E-14,1.00E-14,5.00E-14,3.00E-17,1.00E-14,1.00E-14,1.56E-12,1.04E-15,5.22E-15,5.22E-15,5.00E-11,1.00E-14,5.00E-14,5.00E-14,0.00E+00,0.00E+00,0.00E+00,0.00E+00,0.00E+00,0.00E+00,0.00E+00,0.00E+00,0.00E+00,0.00E+00,0.00E+00,0.00E+00,0.00E+00,0.00E+00,0.00E+00,0.00E+00,0.00E+00,0.00E+00,0.00E+00,0.00E+00,0.00E+00,0.00E+00,0.00E+00,0.00E+00,0.00E+00,0.00E+00,0.00E+00,0.00E+00,0.00E+00,0.00E+00,0.00E+00,0.00E+00
in_n_e = [,,%,0,0,0,0,0,0,0,0,0,0,0,0,0,0,0,0,0,0,0,0,0,0,0,0,0,0,0,0,0,0,0,0,0,0,0,0,0,0,0,0,0,0,0,0,0,0,0,0,0,0,0,0,0,0,0,0,0,0,0,0,0,0,0,0,0,0,0,0,0,0,0,0,0,0,0,0,0,0,0,0,0,0,0,0,0,0,0,0,0,0,0,0,0,0,0,0,0,0,0,0,0,0,0,0,0,0,0,0,0,0,0,0,0,0,0,0,0,0,0,0,0,0,0,0,0,0,0,0,0,0,0,0,0,0,0,0,0,0,0,0
in_N_e = [,,%,4.48E+14,4.48E+14,4.48E+14,4.48E+14,1.78E+16,1.78E+16,1.78E+16,1.78E+16,1.77E+16,1.77E+16,1.77E+16,1.77E+16,1.34E+16,1.34E+16,1.34E+16,1.34E+16,3.17E+16,3.17E+16,3.17E+16,3.17E+16,6.33E+14,6.33E+14,6.33E+14,6.33E+14,6.44E+14,6.44E+14,6.44E+14,6.44E+14,3.69E+16,3.69E+16,3.69E+16,3.69E+16,6.14E+14,6.14E+14,6.14E+14,6.14E+14,1.79E+15,1.79E+15,1.79E+15,1.79E+15,0,0,0,0,0,0,0,0,0,0,0,0,0,0,0,0,0,0,0,0,0,0,0,0,0,0,0,0,0,0,0,0,0,0,0,0,0,0,0,0,0,0,0,0,0,0,0,0,0,0,0,0,0,0,0,0,0,0,0,0,1.79E+15,1.79E+15,1.79E+15,1.79E+15,6.14E+14,6.14E+14,6.14E+14,6.14E+14,3.69E+16,3.69E+16,3.69E+16,3.69E+16,6.44E+14,6.44E+14,6.44E+14,6.44E+14,6.33E+14,6.33E+14,6.33E+14,6.33E+14,3.17E+16,3.17E+16,3.17E+16,3.17E+16,1.34E+16,1.34E+16,1.34E+16,1.34E+16,1.77E+16,1.77E+16,1.77E+16,1.77E+16,1.78E+16,1.78E+16,1.78E+16,1.78E+16,4.48E+14,4.48E+14,4.48E+14,4.48E+14
in_Gamma_ph = [,,%,3.06E+14,3.06E+14,3.06E+14,3.06E+14,4.15E+15,4.15E+15,4.15E+15,4.15E+15,1.16E+15,1.16E+15,1.16E+15,1.16E+15,1.17E+15,1.17E+15,1.17E+15,1.17E+15,3.68E+14,3.68E+14,3.68E+14,3.68E+14,3.68E+14,3.68E+14,3.68E+14,3.68E+14,3.64E+14,3.64E+14,3.64E+14,3.64E+14,9.67E+11,9.67E+11,9.67E+11,9.67E+11,47520276925,47520276925,47520276925,47520276925,47520276925,47520276925,47520276925,47520276925,47520276925,47520276925,47520276925,47520276925,8.08E+13,8.08E+13,8.08E+13,8.08E+13,4.25E+14,4.25E+14,4.25E+14,4.25E+14,1.05E+16,1.05E+16,1.05E+16,1.05E+16,7.94E+13,7.94E+13,7.94E+13,7.94E+13,0,0,0,0,0,0,0,0,0,0,0,0,0,0,0,0,0,0,0,0,7.94E+13,7.94E+13,7.94E+13,7.94E+13,1.05E+16,1.05E+16,1.05E+16,1.05E+16,4.25E+14,4.25E+14,4.25E+14,4.25E+14,8.08E+13,8.08E+13,8.08E+13,8.08E+13,47520276925,47520276925,47520276925,47520276925,47520276925,47520276925,47520276925,47520276925,47520276925,47520276925,47520276925,47520276925,9.67E+11,9.67E+11,9.67E+11,9.67E+11,3.64E+14,3.64E+14,3.64E+14,3.64E+14,3.68E+14,3.68E+14,3.68E+14,3.68E+14,3.68E+14,3.68E+14,3.68E+14,3.68E+14,1.17E+15,1.17E+15,1.17E+15,1.17E+15,1.16E+15,1.16E+15,1.16E+15,1.16E+15,3.06E+14,3.06E+14,3.06E+14,3.06E+14,2.72E+14,2.72E+14,2.72E+14,2.72E+14
in_S_Nplus1 = [,[l/s] (H2),%,0,0,0,0,0,0,0,0,0,0,0,0,0,0,0,0,0,0,0,0,0,0,0,0,0,0,0,0,0,0,0,0,0,0,0,0,0,0,0,0,0,0,0,0,0,0,0,0,0,0,0,0,0,0,0,0,0,0,0,0,0,0,0,0,0,0,0,0,0,0,0,0,0,0,0,0,0,0,0,0,0,0,0,0,0,0,0,0,0,0,0,0,0,0,0,0,0,0,0,0,0,0,0,0,0,0,0,0,0,0,0,0,0,0,0,0,0,0,0,0,0,0,0,0,0,0,0,0,0,0,0,0,0,0,0,0,0,0,0,0
,[l/s] (CH4),%,0,0,0,0,0,0,0,0,0,0,0,0,0,0,0,0,0,0,0,0,0,0,0,0,0,0,0,0,0,0,0,0,0,0,0,0,0,0,0,0,0,0,0,0,0,0,0,0,0,0,0,0,0,0,0,0,0,0,0,0,0,0,0,0,0,0,0,0,0,0,0,0,0,0,0,0,0,0,0,0,0,0,0,0,0,0,0,0,0,0,0,0,0,0,0,0,0,0,0,0,0,0,0,0,0,0,0,0,0,0,0,0,0,0,0,0,0,0,0,0,0,0,0,0,0,0,0,0,0,0,0,0,0,0,0,0,0,0,0,0
,[l/s] (CO),%,0,0,0,0,0,0,0,0,0,0,0,0,0,0,0,0,0,0,0,0,0,0,0,0,0,0,0,0,0,0,0,0,0,0,0,0,0,0,0,0,0,0,0,0,0,0,0,0,0,0,0,0,0,0,0,0,0,0,0,0,0,0,0,0,0,0,0,0,0,0,0,0,0,0,0,0,0,0,0,0,0,0,0,0,0,0,0,0,0,0,0,0,0,0,0,0,0,0,0,0,0,0,0,0,0,0,0,0,0,0,0,0,0,0,0,0,0,0,0,0,0,0,0,0,0,0,0,0,0,0,0,0,0,0,0,0,0,0,0,0
,[l/s] (CO2),%,0,0,0,0,0,0,0,0,0,0,0,0,0,0,0,0,0,0,0,0,0,0,0,0,0,0,0,0,0,0,0,0,0,0,0,0,0,0,0,0,0,0,0,0,0,0,0,0,0,0,0,0,0,0,0,0,0,0,0,0,0,0,0,0,0,0,0,0,0,0,0,0,0,0,0,0,0,0,0,0,0,0,0,0,0,0,0,0,0,0,0,0,0,0,0,0,0,0,0,0,0,0,0,0,0,0,0,0,0,0,0,0,0,0,0,0,0,0,0,0,0,0,0,0,0,0,0,0,0,0,0,0,0,0,0,0,0,0,0,0
in_g_Nplus1 = [,[torrl/s],%,0,0,0,0,0,0,0,0,0,0,0,0,0,0,0,0,0,0,0,0,0,0,0,0,0,0,0,0,0,0,0,0,0,0,0,0,0,0,0,0,0,0,0,0,0,0,0,0,0,0,0,0,0,0,0,0,0,0,0,0,0,0,0,0,0,0,0,0,0,0,0,0,0,0,0,0,0,0,0,0,0,0,0,0,0,0,0,0,0,0,0,0,0,0,0,0,0,0,0,0,0,0,0,0,0,0,0,0,0,0,0,0,0,0,0,0,0,0,0,0,0,0,0,0,0,0,0,0,0,0,0,0,0,0,0,0,0,0,0,0
