0.0025,6.26E-06,2.61414E-05,2.75724E-05,4.06E-05
0.0075,7.00E-06,2.77E-05,2.90314E-05,4.15E-05
0.0125,7.56E-06,2.90E-05,3.03848E-05,3.91E-05
0.0175,7.61E-06,3.03E-05,3.06448E-05,4.05E-05
0.0225,7.75E-06,3.08E-05,2.99595E-05,3.96E-05
0.0275,7.97E-06,2.95E-05,3.00512E-05,4.08E-05
0.0325,7.90E-06,2.97E-05,2.88788E-05,4.17E-05
0.0375,8.04E-06,3.04E-05,2.92439E-05,4.15E-05
0.0425,7.70E-06,2.97E-05,3.06217E-05,4.07E-05
0.0475,7.74E-06,2.99E-05,3.22901E-05,4.09E-05
0.0525,7.61E-06,2.94E-05,3.08857E-05,3.91E-05
0.0575,7.34E-06,2.98E-05,2.9488E-05,4.16E-05
0.0625,7.41E-06,3.08E-05,3.12571E-05,4.23E-05
0.0675,7.85E-06,3.04E-05,3.30415E-05,4.12E-05
0.0725,7.72E-06,3.03E-05,3.40387E-05,4.12E-05
0.0775,6.89E-06,2.85E-05,3.233E-05,3.94E-05
0.0825,6.99E-06,2.79E-05,3.11688E-05,4.10E-05
0.0875,7.16E-06,2.81E-05,3.09046E-05,4.07E-05
0.0925,7.62E-06,2.99E-05,3.10235E-05,4.15E-05
0.0975,8.08E-06,3.22E-05,2.94911E-05,4.15E-05
0.1025,8.08E-06,3.03E-05,2.90649E-05,4.03E-05
0.1075,7.73E-06,2.98E-05,2.99882E-05,4.15E-05
0.1125,7.38E-06,2.90E-05,3.06954E-05,4.08E-05
0.1175,7.53E-06,2.82E-05,3.08278E-05,4.11E-05
0.1225,7.31E-06,2.81E-05,2.97486E-05,3.90E-05
0.1275,7.44E-06,2.91E-05,2.93711E-05,4.04E-05
0.1325,7.12E-06,2.96E-05,2.82709E-05,4.15E-05
0.1375,7.62E-06,2.99E-05,2.86165E-05,4.10E-05
0.1425,7.53E-06,3.01E-05,2.87452E-05,4.11E-05
0.1475,7.86E-06,3.04E-05,2.85595E-05,4.11E-05
0.1525,7.79E-06,3.07E-05,2.93881E-05,4.04E-05
0.1575,7.06E-06,3.14E-05,2.91562E-05,4.13E-05
0.1625,7.49E-06,3.15E-05,3.01926E-05,3.96E-05
0.1675,7.61E-06,3.12E-05,3.1495E-05,3.98E-05
0.1725,7.22E-06,3.11E-05,3.22477E-05,4.00E-05
0.1775,7.57E-06,3.21E-05,3.08097E-05,4.14E-05
0.1825,7.38E-06,3.27E-05,3.07827E-05,4.12E-05
0.1875,7.90E-06,3.08E-05,2.85521E-05,3.93E-05
0.1925,7.84E-06,3.15E-05,2.97337E-05,4.02E-05
0.1975,8.35E-06,3.16E-05,3.09467E-05,4.09E-05
0.2025,8.02E-06,3.28E-05,3.20008E-05,4.05E-05
0.2075,8.24E-06,3.12E-05,3.23575E-05,4.11E-05
0.2125,7.49E-06,3.08E-05,3.30308E-05,4.06E-05
0.2175,7.52E-06,2.99E-05,3.14254E-05,4.07E-05
0.2225,7.13E-06,2.88E-05,2.963E-05,3.85E-05
0.2275,7.19E-06,2.84E-05,2.96428E-05,4.12E-05
0.2325,7.38E-06,2.94E-05,3.07281E-05,4.05E-05
0.2375,7.42E-06,3.06E-05,2.97228E-05,3.98E-05
0.2425,7.30E-06,2.91E-05,2.968E-05,3.97E-05
0.2475,7.43E-06,2.91E-05,2.98426E-05,4.09E-05
0.2525,6.96E-06,2.96E-05,2.98332E-05,4.01E-05
0.2575,7.65E-06,2.95E-05,3.06605E-05,3.99E-05
0.2625,7.37E-06,2.99E-05,3.08792E-05,3.91E-05
0.2675,7.58E-06,3.08E-05,3.25379E-05,3.89E-05
0.2725,7.36E-06,3.14E-05,3.41449E-05,4.01E-05
0.2775,7.62E-06,3.09E-05,3.21052E-05,4.08E-05
0.2825,8.09E-06,3.03E-05,3.23961E-05,4.38E-05
0.2875,7.44E-06,3.16E-05,3.29872E-05,3.98E-05
0.2925,7.56E-06,3.21E-05,3.38486E-05,4.11E-05
0.2975,7.43E-06,3.09E-05,3.42042E-05,4.10E-05
0.3025,7.69E-06,2.96E-05,3.36354E-05,3.80E-05
0.3075,7.47E-06,2.92E-05,3.23552E-05,3.87E-05
0.3125,7.10E-06,3.01E-05,2.98802E-05,4.04E-05
0.3175,7.02E-06,2.88E-05,3.04549E-05,3.92E-05
0.3225,6.88E-06,2.94E-05,3.03791E-05,3.91E-05
0.3275,7.24E-06,2.86E-05,3.11333E-05,3.99E-05
0.3325,7.15E-06,2.82E-05,3.12506E-05,3.93E-05
0.3375,6.96E-06,2.86E-05,3.10678E-05,4.20E-05
0.3425,7.38E-06,2.82E-05,3.1094E-05,3.96E-05
0.3475,7.15E-06,2.81E-05,3.06437E-05,3.89E-05
0.3525,7.30E-06,2.86E-05,3.1272E-05,3.71E-05
0.3575,7.18E-06,2.84E-05,3.14745E-05,3.95E-05
0.3625,7.01E-06,2.80E-05,3.06664E-05,4.03E-05
0.3675,6.98E-06,2.83E-05,2.844E-05,3.96E-05
0.3725,6.26E-06,2.63E-05,2.5811E-05,3.87E-05
0.3775,4.72E-06,2.05E-05,2.04772E-05,4.01E-05
0.3825,2.48E-06,1.05E-05,1.03651E-05,3.74E-05
0.3875,9.88E-07,4.42E-06,4.38E-06,3.84E-05
0.3925,3.62E-07,1.72E-06,1.65E-06,3.62E-05
0.3975,1.99E-07,8.75E-07,8.96E-07,3.54E-05
0.4025,1.09E-07,4.85E-07,5.04E-07,3.64E-05
0.4075,7.94E-08,2.47E-07,2.86E-07,3.79E-05
0.4125,5.25E-08,2.33E-07,1.84E-07,3.52E-05
0.4175,2.14E-08,1.78E-07,1.60E-07,3.67E-05
0.4225,6.30E-08,2.56E-07,9.32E-08,3.69E-05
0.4275,6.42E-08,4.54E-07,5.31E-08,3.74E-05
0.4325,2.10E-07,1.05E-06,3.62E-08,3.75E-05
0.4375,3.32E-07,1.76E-06,2.86E-08,3.66E-05
0.4425,2.25E-07,1.15E-06,2.96E-08,3.60E-05
0.4475,7.13E-08,4.18E-07,1.18E-08,3.80E-05
0.4525,5.15E-08,1.79E-07,1.39E-08,3.79E-05
0.4575,2.22E-09,9.38E-08,1.34E-08,3.79E-05
0.4625,1.55E-08,8.85E-08,1.60E-08,3.80E-05
0.4675,3.41E-08,2.39E-07,3.12E-09,3.75E-05
0.4725,6.35E-08,4.29E-07,3.54E-09,3.63E-05
0.4775,1.37E-07,7.47E-07,7.03E-09,3.83E-05
0.4825,1.96E-07,1.51E-06,1.97E-08,3.73E-05
0.4875,2.24E-07,1.94E-06,4.76E-09,3.75E-05
0.4925,2.00E-07,1.36E-06,1.59E-08,3.70E-05
0.4975,1.51E-07,8.04E-07,1.37E-09,3.86E-05
0.5025,8.88E-08,2.88E-07,1.40E-08,3.99E-05
0.5075,1.63E-08,1.86E-07,7.95E-09,3.92E-05
0.5125,5.84E-09,1.01E-07,2.64E-09,3.97E-05
0.5175,8.74E-09,5.94E-08,4.56E-09,3.86E-05
0.5225,1.88E-09,3.09E-08,1.66E-08,3.81E-05
0.5275,0,2.45E-08,1.75E-08,3.74649E-05
0.5325,2.05E-09,1.66E-08,1.36E-08,3.87E-05
0.5375,6.47E-09,1.92E-08,3.29E-08,3.69E-05
0.5425,1.73E-09,8.73E-09,3.59E-08,3.78E-05
0.5475,0,1.57E-08,5.91E-08,3.96989E-05
0.5525,1.05E-08,3.55E-08,4.95E-08,3.91E-05
0.5575,2.52E-09,7.78E-08,1.30E-07,3.71E-05
0.5625,1.77E-08,1.40E-07,2.44E-07,3.95E-05
0.5675,4.98E-08,3.02E-07,4.73E-07,3.93E-05
0.5725,1.01E-07,7.59E-07,8.73E-07,3.86E-05
0.5775,1.79E-07,9.72E-07,1.42E-06,3.66E-05
0.5825,9.05E-08,6.96E-07,1.73E-06,4.02E-05
0.5875,4.24E-08,3.37E-07,2.20E-06,3.87E-05
0.5925,1.93E-08,1.40E-07,3.33E-06,3.83E-05
0.5975,1.02E-08,8.75E-08,4.77E-06,3.76E-05
0.6025,0,4.12E-08,5.58E-06,4.03641E-05
0.6075,8.51E-09,4.27E-08,5.46E-06,4.06E-05
0.6125,9.09E-09,3.20E-08,4.78E-06,3.94E-05
0.6175,7.63E-09,3.13E-08,3.36E-06,3.98E-05
0.6225,9.60E-09,1.87E-08,2.34E-06,4.10E-05
0.6275,0,3.78E-08,1.51E-06,3.9536E-05
0.6325,5.73E-09,6.72E-08,9.19E-07,3.92E-05
0.6375,7.30E-09,5.69E-08,9.61E-07,4.10E-05
0.6425,3.13E-09,1.57E-07,1.16E-06,4.04E-05
0.6475,2.79E-08,2.09E-07,7.73E-07,3.74E-05
0.6525,5.41E-08,3.28E-07,4.45E-07,4.18E-05
0.6575,5.07E-08,5.16E-07,2.90E-07,4.03E-05
0.6625,1.03E-07,8.81E-07,3.12E-07,4.14E-05
0.6675,2.38E-07,1.43E-06,4.40E-07,3.87E-05
0.6725,2.91E-07,2.41E-06,5.72E-07,3.92E-05
0.6775,5.79E-07,3.88E-06,9.83E-07,3.97E-05
0.6825,6.88E-07,5.86E-06,1.92E-06,4.08E-05
0.6875,7.17E-07,6.31E-06,3.36E-06,3.93E-05
0.6925,7.20E-07,6.01E-06,5.88E-06,4.08E-05
0.6975,5.49E-07,4.88E-06,8.19E-06,4.11E-05
0.7025,4.66E-07,4.17E-06,8.29E-06,4.04E-05
0.7075,4.50E-07,3.87E-06,6.58E-06,4.19E-05
0.7125,4.33E-07,4.05E-06,3.99E-06,4.09E-05
0.7175,3.86E-07,3.53E-06,2.17E-06,4.10E-05
0.7225,4.05E-07,3.12E-06,1.07E-06,4.13E-05
0.7275,4.85E-07,3.64E-06,6.69E-07,4.03E-05
0.7325,5.48E-07,4.28E-06,3.92E-07,4.19E-05
0.7375,6.80E-07,4.46E-06,2.13E-07,4.18E-05
0.7425,5.20E-07,3.68E-06,1.86E-07,4.18E-05
0.7475,3.91E-07,2.41E-06,1.10E-07,4.29E-05
0.7525,1.84E-07,1.64E-06,1.21E-07,4.05E-05
0.7575,1.78E-07,1.16E-06,7.61E-08,4.06E-05
0.7625,2.09E-07,1.22E-06,1.29E-07,4.10E-05
0.7675,1.79E-07,1.41E-06,1.73E-07,4.34E-05
0.7725,1.40E-07,8.30E-07,2.94E-07,4.16E-05
0.7775,5.67E-08,4.93E-07,6.01E-07,4.13E-05
0.7825,4.46E-08,2.99E-07,1.39E-06,4.07E-05
0.7875,1.30E-08,1.79E-07,2.72E-06,4.14E-05
0.7925,1.95E-08,1.57E-07,2.83E-06,4.28E-05
0.7975,1.72E-08,1.63E-07,2.03E-06,4.34E-05
0.8025,3.02E-08,2.32E-07,1.70E-06,4.37E-05
0.8075,2.98E-08,3.22E-07,2.21E-06,4.30E-05
0.8125,1.09E-07,6.64E-07,3.39E-06,4.41E-05
0.8175,2.69E-07,1.58E-06,4.34E-06,4.31E-05
0.8225,4.04E-07,2.33E-06,5.11E-06,4.32E-05
0.8275,2.65E-07,2.20E-06,4.30E-06,4.09E-05
0.8325,2.63E-07,2.21E-06,3.49E-06,4.33E-05
0.8375,3.22E-07,2.51E-06,2.53E-06,4.33E-05
0.8425,4.23E-07,2.80E-06,2.02E-06,4.37E-05
0.8475,1.76E-07,2.33E-06,1.94E-06,4.31E-05
0.8525,1.89E-07,1.57E-06,2.44E-06,4.32E-05
0.8575,1.38E-07,1.28E-06,3.47E-06,4.56E-05
0.8625,9.19E-08,7.08E-07,4.60E-06,4.60E-05
0.8675,8.10E-08,5.64E-07,6.22E-06,4.40E-05
0.8725,3.57E-08,3.18E-07,6.78E-06,4.47E-05
0.8775,5.01E-08,3.10E-07,7.35E-06,4.64E-05
0.8825,1.43E-08,1.13E-07,8.51E-06,4.19E-05
0.8875,1.61E-08,1.14E-07,9.02E-06,4.63E-05
0.8925,3.19E-09,7.79E-08,8.68E-06,4.65E-05
0.8975,1.79E-08,7.27E-08,8.55E-06,4.51E-05
0.9025,6.45E-09,8.15E-08,7.92E-06,4.37E-05
0.9075,1.94E-08,8.53E-08,7.56E-06,4.55E-05
0.9125,1.02E-08,8.58E-08,6.44E-06,4.57E-05
0.9175,8.39E-09,1.20E-07,5.17E-06,4.53E-05
0.9225,8.14E-10,1.40E-07,4.27E-06,4.65E-05
0.9275,2.46E-08,1.64E-07,3.55E-06,4.66E-05
0.9325,3.53E-08,3.21E-07,3.21E-06,4.57E-05
0.9375,6.55E-08,4.32E-07,2.86E-06,4.76E-05
0.9425,5.00E-08,5.67E-07,3.41E-06,4.54E-05
0.9475,1.38E-07,8.27E-07,4.13E-06,4.73E-05
0.9525,1.77E-07,1.19E-06,5.77E-06,4.46E-05
0.9575,2.86E-07,1.84E-06,6.96E-06,4.69E-05
0.9625,2.63E-07,2.08E-06,7.73E-06,4.59E-05
0.9675,4.17E-07,2.35E-06,8.07E-06,4.62E-05
0.9725,3.17E-07,2.31E-06,8.49E-06,4.84E-05
0.9775,2.37E-07,1.61E-06,8.25E-06,4.97E-05
0.9825,1.10E-07,1.23E-06,7.89E-06,4.67E-05
0.9875,8.63E-08,8.80E-07,7.47E-06,4.82E-05
0.9925,8.21E-08,6.54E-07,7.47E-06,4.82E-05
0.9975,4.40E-08,4.84E-07,6.95E-06,4.72E-05
1.0025,2.84E-08,3.42E-07,7.28E-06,4.67E-05
1.0075,3.64E-08,2.40E-07,6.82E-06,4.74E-05
1.0125,3.88E-08,2.90E-07,6.76E-06,4.72E-05
1.0175,1.87E-08,2.69E-07,6.80E-06,4.85E-05
1.0225,5.37E-08,3.18E-07,7.37E-06,4.70E-05
1.0275,2.49E-08,3.02E-07,7.36E-06,4.89E-05
1.0325,4.20E-08,4.34E-07,7.77E-06,4.72E-05
1.0375,4.72E-08,5.33E-07,7.22E-06,4.83E-05
1.0425,8.67E-08,7.66E-07,6.96E-06,4.82E-05
1.0475,1.31E-07,1.07E-06,6.65E-06,4.88E-05
1.0525,1.92E-07,1.29E-06,5.83E-06,4.84E-05
1.0575,1.74E-07,1.78E-06,5.30E-06,4.90E-05
1.0625,2.40E-07,2.32E-06,5.04E-06,5.07E-05
1.0675,2.74E-07,2.48E-06,5.32E-06,5.07E-05
1.0725,2.22E-07,2.57E-06,5.81E-06,4.99E-05
1.0775,2.52E-07,2.43E-06,6.52E-06,4.87E-05
1.0825,2.64E-07,2.20E-06,7.45E-06,4.95E-05
1.0875,3.17E-07,2.37E-06,8.23E-06,5.10E-05
1.0925,2.87E-07,2.75E-06,8.75E-06,5.17E-05
1.0975,4.21E-07,3.18E-06,9.12E-06,5.02E-05
1.1025,4.12E-07,3.68E-06,8.99E-06,5.10E-05
1.1075,4.24E-07,3.37E-06,8.31E-06,5.05E-05
1.1125,3.72E-07,3.68E-06,7.51E-06,4.92E-05
1.1175,4.94E-07,4.19E-06,6.41E-06,5.07E-05
1.1225,4.01E-07,3.71E-06,5.41E-06,4.94E-05
1.1275,3.57E-07,3.89E-06,4.98E-06,5.10E-05
1.1325,4.42E-07,3.72E-06,4.46E-06,5.07E-05
1.1375,4.85E-07,3.84E-06,4.02E-06,5.07E-05
1.1425,6.57E-07,4.03E-06,3.56E-06,5.17E-05
1.1475,6.07E-07,4.42E-06,3.38E-06,5.08E-05
1.1525,5.66E-07,4.48E-06,3.18E-06,5.08E-05
1.1575,5.98E-07,4.98E-06,3.12E-06,5.17E-05
1.1625,6.05E-07,4.62E-06,3.41E-06,5.20E-05
1.1675,5.72E-07,4.06E-06,3.60E-06,5.27E-05
1.1725,3.79E-07,3.56E-06,3.39E-06,5.24E-05
1.1775,3.74E-07,3.05E-06,3.20E-06,5.17E-05
1.1825,3.74E-07,2.72E-06,3.35E-06,5.18E-05
1.1875,2.95E-07,2.96E-06,3.50E-06,5.36E-05
1.1925,4.37E-07,3.05E-06,3.89E-06,5.20E-05
1.1975,4.77E-07,3.38E-06,4.78E-06,5.13E-05
1.2025,4.79E-07,3.77E-06,5.31E-06,5.40E-05
1.2075,5.87E-07,4.68E-06,6.69E-06,5.42E-05
1.2125,6.98E-07,5.51E-06,7.47E-06,5.20E-05
1.2175,7.06E-07,5.84E-06,8.59E-06,5.47E-05
1.2225,6.64E-07,6.18E-06,9.01E-06,5.49E-05
1.2275,7.05E-07,5.47E-06,9.62E-06,5.30E-05
1.2325,5.42E-07,5.00E-06,9.03E-06,5.40E-05
1.2375,5.66E-07,4.10E-06,8.20E-06,5.47E-05
1.2425,4.40E-07,3.82E-06,7.45E-06,5.16E-05
1.2475,4.30E-07,3.17E-06,6.26E-06,5.63E-05
1.2525,3.64E-07,2.67E-06,5.53E-06,5.77E-05
1.2575,3.35E-07,2.77E-06,4.63E-06,5.36E-05
1.2625,3.78E-07,2.95E-06,4.32E-06,5.61E-05
1.2675,3.86E-07,3.20E-06,3.75E-06,5.47E-05
1.2725,4.62E-07,3.82E-06,3.73E-06,5.59E-05
1.2775,6.10E-07,4.17E-06,3.25E-06,5.34E-05
1.2825,5.36E-07,4.78E-06,3.31E-06,5.75E-05
1.2875,5.76E-07,4.92E-06,3.04E-06,5.48E-05
1.2925,6.38E-07,4.80E-06,2.87E-06,5.66E-05
1.2975,4.98E-07,4.66E-06,2.95E-06,5.89E-05
1.3025,4.88E-07,4.36E-06,3.06E-06,5.76E-05
1.3075,5.61E-07,4.41E-06,3.07E-06,5.62E-05
1.3125,4.76E-07,4.32E-06,3.21E-06,5.69E-05
1.3175,5.43E-07,4.91E-06,2.81E-06,5.80E-05
1.3225,5.62E-07,5.03E-06,2.56E-06,5.77E-05
1.3275,7.73E-07,5.04E-06,2.33E-06,5.80E-05
1.3325,6.85E-07,5.42E-06,2.47E-06,5.52E-05
1.3375,7.72E-07,5.54E-06,2.35E-06,5.56E-05
1.3425,6.74E-07,5.09E-06,2.64E-06,5.81E-05
1.3475,5.89E-07,4.90E-06,2.67E-06,5.94E-05
1.3525,5.76E-07,5.15E-06,2.73E-06,5.83E-05
1.3575,5.83E-07,5.15E-06,2.84E-06,5.95E-05
1.3625,6.32E-07,5.27E-06,3.03E-06,5.78E-05
1.3675,5.87E-07,5.33E-06,3.16E-06,5.95E-05
1.3725,6.20E-07,5.25E-06,3.14E-06,5.61E-05
1.3775,5.62E-07,5.36E-06,3.37E-06,5.90E-05
1.3825,7.07E-07,5.12E-06,3.96E-06,6.02E-05
1.3875,6.37E-07,4.94E-06,4.73E-06,5.87E-05
1.3925,5.96E-07,5.07E-06,5.45E-06,5.89E-05
1.3975,5.63E-07,5.32E-06,6.10E-06,5.86E-05
1.4025,6.60E-07,5.62E-06,7.19E-06,5.81E-05
1.4075,7.39E-07,5.81E-06,7.76E-06,6.32E-05
1.4125,9.52E-07,6.26E-06,8.70E-06,5.89E-05
1.4175,8.64E-07,6.43E-06,9.13E-06,6.18E-05
1.4225,7.52E-07,6.62E-06,9.81E-06,6.23E-05
1.4275,8.30E-07,6.39E-06,9.83E-06,6.05E-05
1.4325,6.51E-07,6.44E-06,1.07569E-05,5.95E-05
1.4375,7.97E-07,5.99E-06,1.1003E-05,6.31E-05
1.4425,6.98E-07,6.35E-06,1.10885E-05,6.06E-05
1.4475,7.89E-07,6.11E-06,1.19397E-05,6.48E-05
1.4525,6.16E-07,6.05E-06,1.21069E-05,6.01E-05
1.4575,6.60E-07,6.32E-06,1.2523E-05,5.91E-05
1.4625,6.75E-07,6.13E-06,1.25359E-05,6.00E-05
1.4675,7.04E-07,6.20E-06,1.29716E-05,6.20E-05
1.4725,6.64E-07,6.05E-06,1.38971E-05,6.29E-05
1.4775,7.38E-07,6.02E-06,1.3863E-05,6.46E-05
1.4825,6.78E-07,5.85E-06,1.36445E-05,6.18E-05
1.4875,6.19E-07,6.04E-06,1.42312E-05,6.30E-05
1.4925,6.61E-07,5.65E-06,1.46275E-05,6.16E-05
1.4975,5.60E-07,5.27E-06,1.44143E-05,6.40E-05
1.5025,6.59E-07,5.24E-06,1.48977E-05,6.27E-05
1.5075,6.35E-07,5.30E-06,1.4521E-05,6.22E-05
1.5125,6.40E-07,5.55E-06,1.47887E-05,6.45E-05
1.5175,7.51E-07,5.29E-06,1.40108E-05,6.16E-05
1.5225,6.73E-07,5.28E-06,1.40291E-05,6.33E-05
1.5275,5.75E-07,5.39E-06,1.34046E-05,6.53E-05
1.5325,6.89E-07,6.14E-06,1.29829E-05,6.23E-05
1.5375,7.80E-07,5.96E-06,1.23791E-05,6.28E-05
1.5425,7.28E-07,6.21E-06,1.1998E-05,6.29E-05
1.5475,7.17E-07,6.25E-06,1.13588E-05,6.38E-05
1.5525,7.18E-07,6.14E-06,1.08125E-05,6.53E-05
1.5575,6.34E-07,6.25E-06,1.04739E-05,6.55E-05
1.5625,7.21E-07,6.33E-06,1.12285E-05,6.85E-05
1.5675,7.04E-07,6.09E-06,1.1171E-05,6.63E-05
1.5725,6.27E-07,6.14E-06,1.16192E-05,6.54E-05
1.5775,7.19E-07,6.61E-06,1.18833E-05,6.61E-05
1.5825,6.24E-07,6.59E-06,1.2607E-05,6.50E-05
1.5875,7.07E-07,7.08E-06,1.31441E-05,6.63E-05
1.5925,7.39E-07,7.07E-06,1.34465E-05,6.54E-05
1.5975,8.52E-07,6.87E-06,1.41762E-05,6.60E-05
1.6025,7.99E-07,7.04E-06,1.40253E-05,6.62E-05
1.6075,8.04E-07,7.23E-06,1.42061E-05,6.74E-05
1.6125,8.71E-07,7.65E-06,1.49531E-05,6.82E-05
1.6175,9.01E-07,7.72E-06,1.47126E-05,6.46E-05
1.6225,9.87E-07,7.72E-06,1.49354E-05,6.45E-05
1.6275,8.65E-07,7.83E-06,1.4931E-05,6.62E-05
1.6325,8.85E-07,8.24E-06,1.48873E-05,6.71E-05
1.6375,9.94E-07,8.86E-06,1.51797E-05,6.63E-05
1.6425,9.38E-07,8.27E-06,1.48272E-05,6.77E-05
1.6475,8.93E-07,8.52E-06,1.42314E-05,6.62E-05
1.6525,1.01E-06,8.99E-06,1.37323E-05,6.46E-05
1.6575,1.08E-06,8.54E-06,1.31515E-05,6.67E-05
1.6625,1.20E-06,9.33E-06,1.25009E-05,6.54E-05
1.6675,1.08E-06,9.01E-06,1.19437E-05,6.78E-05
1.6725,1.16E-06,8.88E-06,1.15993E-05,6.89E-05
1.6775,1.04E-06,9.03E-06,1.17281E-05,6.80E-05
1.6825,1.14E-06,9.52E-06,1.12E-05,6.83E-05
1.6875,1.22E-06,9.81E-06,1.05754E-05,6.80E-05
1.6925,1.23E-06,1.01E-05,1.00199E-05,6.89E-05
1.6975,1.48E-06,1.03E-05,9.98E-06,6.95E-05
1.7025,1.43E-06,1.06E-05,9.75E-06,7.02E-05
1.7075,1.51E-06,1.14E-05,9.79E-06,6.95E-05
1.7125,1.57E-06,1.17E-05,9.41E-06,7.01E-05
1.7175,1.68E-06,1.22E-05,9.43E-06,6.83E-05
1.7225,1.73E-06,1.27E-05,9.45E-06,6.90E-05
1.7275,1.74E-06,1.29E-05,9.53E-06,6.84E-05
1.7325,2.00E-06,1.37E-05,9.72E-06,6.80E-05
1.7375,1.90E-06,1.29E-05,9.39E-06,7.11E-05
1.7425,2.05E-06,1.35E-05,9.56E-06,7.19E-05
1.7475,1.85E-06,1.36E-05,9.41E-06,7.05E-05
1.7525,2.27E-06,1.34E-05,9.63E-06,6.94E-05
1.7575,2.27E-06,1.36E-05,1.00114E-05,7.25E-05
1.7625,2.21E-06,1.34E-05,9.98E-06,7.43E-05
1.7675,2.57E-06,1.35E-05,1.03181E-05,7.29E-05
1.7725,2.49E-06,1.44E-05,1.067E-05,7.28E-05
1.7775,2.65E-06,1.43E-05,1.11892E-05,7.22E-05
1.7825,2.81E-06,1.43E-05,1.10731E-05,7.05E-05
1.7875,2.88E-06,1.54E-05,1.14723E-05,7.70E-05
1.7925,3.21E-06,1.63E-05,1.13404E-05,7.42E-05
1.7975,3.34E-06,1.69E-05,1.20756E-05,7.26E-05
1.8025,3.81E-06,1.81E-05,1.21557E-05,7.71E-05
1.8075,4.24E-06,1.80E-05,1.22684E-05,7.53E-05
1.8125,4.27E-06,2.01E-05,1.26275E-05,7.60E-05
1.8175,4.89E-06,2.06E-05,1.25703E-05,7.62E-05
1.8225,5.21E-06,2.18E-05,1.28256E-05,8.20E-05
1.8275,5.49E-06,2.29E-05,1.31689E-05,8.32E-05
1.8325,6.08E-06,2.37E-05,1.35322E-05,8.07E-05
1.8375,6.60E-06,2.50E-05,1.40887E-05,8.02E-05
1.8425,7.46E-06,2.76E-05,1.40843E-05,8.44E-05
1.8475,8.02E-06,2.78E-05,1.47675E-05,8.50E-05
1.8525,8.99E-06,3.06E-05,1.5518E-05,8.63E-05
1.8575,1.04316E-05,3.27E-05,1.58405E-05,9.02378E-05
1.8625,1.08013E-05,3.47E-05,1.72426E-05,9.33829E-05
1.8675,1.27533E-05,3.73E-05,1.85081E-05,9.29094E-05
1.8725,1.44101E-05,4.05E-05,1.93311E-05,9.33972E-05
1.8775,1.57179E-05,4.46E-05,2.05654E-05,0.00010125
1.8825,1.77922E-05,4.99E-05,2.17992E-05,0.000103934
1.8875,1.9997E-05,5.32E-05,2.44423E-05,0.000108405
1.8925,2.32762E-05,5.92E-05,2.62733E-05,0.000119493
1.8975,2.61537E-05,6.85E-05,2.90956E-05,0.000123273
1.9025,3.16778E-05,7.55E-05,5.04285E-05,0.00012998
1.9075,3.00785E-05,8.60E-05,3.22232E-05,0.000139756
1.9125,3.41066E-05,9.54E-05,3.55256E-05,0.000144643
1.9175,3.78325E-05,1.07E-04,3.93335E-05,0.000159018
1.9225,4.39371E-05,1.21E-04,4.40648E-05,0.00016797
1.9275,5.06034E-05,1.35E-04,4.88709E-05,0.000182097
1.9325,5.5332E-05,1.52E-04,5.43684E-05,0.000197035
1.9375,6.31541E-05,1.70E-04,6.06773E-05,0.000216376
1.9425,7.2562E-05,1.92E-04,6.79517E-05,0.000239537
1.9475,8.24327E-05,2.29E-04,7.61734E-05,0.000279113
1.9525,9.67487E-05,2.53E-04,8.96516E-05,0.000303882
1.9575,0.000109066,2.57E-04,0.000100233,0.000302869
1.9625,0.000110382,2.56E-04,0.000101658,0.000297189
1.9675,0.000114961,2.52E-04,0.000103555,0.000287832
1.9725,0.000116721,2.42E-04,0.000101973,0.000263318
1.9775,0.000112443,2.18E-04,0.000102348,0.00022896
1.9825,0.00010372,1.71E-04,9.52372E-05,0.000183542
1.9875,8.30904E-05,1.14E-04,7.88312E-05,0.000130732
1.9925,5.45155E-05,7.61E-05,5.25099E-05,0.000100723
1.9975,3.30819E-05,6.40E-05,3.34835E-05,8.91225E-05
2.0025,2.77809E-05,5.70E-05,2.72774E-05,8.1297E-05
2.0075,2.38791E-05,4.76E-05,2.50262E-05,7.27532E-05
2.0125,2.00992E-05,2.86E-05,2.04865E-05,5.26475E-05
2.0175,1.16519E-05,1.18E-05,1.23639E-05,3.31662E-05
2.0225,5.10E-06,5.64E-06,5.09E-06,2.90E-05
2.0275,2.53E-06,3.10E-06,2.43E-06,2.76E-05
2.0325,1.23E-06,2.02E-06,1.53E-06,2.82E-05
2.0375,9.65E-07,1.87E-06,1.17E-06,2.88E-05
2.0425,7.91E-07,2.14E-06,1.25E-06,2.73E-05
2.0475,6.80E-07,4.03E-06,2.09E-06,2.65E-05
2.0525,1.40E-06,9.18E-06,4.48E-06,2.73E-05
2.0575,2.81E-06,1.70E-05,1.00898E-05,2.89E-05
2.0625,5.76E-06,2.26E-05,1.74608E-05,3.02E-05
2.0675,7.38E-06,2.38E-05,2.21378E-05,3.05E-05
2.0725,8.33E-06,2.44E-05,2.3383E-05,3.04E-05
2.0775,9.24E-06,2.34E-05,2.50128E-05,3.05E-05
2.0825,8.75E-06,2.42E-05,2.52344E-05,3.15E-05
2.0875,8.58E-06,2.34E-05,2.47784E-05,3.10E-05
2.0925,8.80E-06,2.31E-05,2.61094E-05,3.16E-05
2.0975,8.40E-06,2.36E-05,2.63675E-05,3.10E-05
2.1025,8.63E-06,2.46E-05,2.64836E-05,3.22E-05
2.1075,8.42E-06,2.33E-05,2.58574E-05,2.99E-05
2.1125,8.63E-06,2.27E-05,2.44865E-05,3.20E-05
2.1175,8.25E-06,2.34E-05,2.51589E-05,2.93E-05
2.1225,8.52E-06,2.27E-05,2.66392E-05,3.15E-05
2.1275,8.19E-06,2.28E-05,2.81746E-05,3.20E-05
2.1325,8.34E-06,2.20E-05,2.82942E-05,3.05E-05
2.1375,8.43E-06,2.33E-05,2.77686E-05,3.11E-05
2.1425,8.19E-06,2.30E-05,2.73688E-05,3.06E-05
2.1475,8.04E-06,2.38E-05,2.82669E-05,3.01E-05
2.1525,8.39E-06,2.43E-05,2.80997E-05,3.14E-05
2.1575,8.32E-06,2.48E-05,2.6959E-05,2.84E-05
2.1625,8.49E-06,2.50E-05,2.52749E-05,3.11E-05
2.1675,8.75E-06,2.60E-05,2.45205E-05,3.12E-05
2.1725,8.58E-06,2.51E-05,2.48437E-05,3.16E-05
2.1775,8.34E-06,2.49E-05,2.369E-05,3.19E-05
2.1825,8.38E-06,2.59E-05,2.49316E-05,3.33E-05
2.1875,9.05E-06,2.44E-05,2.58125E-05,3.11E-05
2.1925,8.35E-06,2.45E-05,2.49904E-05,3.20E-05
2.1975,8.59E-06,2.39E-05,2.31627E-05,3.11E-05
2.2025,8.75E-06,2.38E-05,2.27617E-05,3.04E-05
2.2075,8.43E-06,2.54E-05,2.26301E-05,2.88E-05
2.2125,8.86E-06,2.61E-05,2.27726E-05,2.98E-05
2.2175,8.46E-06,2.56E-05,2.47012E-05,2.97E-05
2.2225,8.75E-06,2.37E-05,2.61434E-05,2.96E-05
2.2275,8.44E-06,2.32E-05,2.64756E-05,3.14E-05
2.2325,8.37E-06,2.51E-05,2.69786E-05,2.91E-05
2.2375,8.03E-06,2.48E-05,2.66155E-05,3.07E-05
2.2425,8.31E-06,2.32E-05,2.62443E-05,3.04E-05
2.2475,7.75E-06,2.17E-05,2.6472E-05,2.95E-05
2.2525,7.75E-06,2.30E-05,2.67886E-05,3.29E-05
2.2575,7.56E-06,2.51E-05,2.65562E-05,3.13E-05
2.2625,8.61E-06,2.57E-05,2.5605E-05,3.00E-05
2.2675,8.82E-06,2.66E-05,2.51494E-05,2.95E-05
2.2725,8.92E-06,2.63E-05,2.56163E-05,3.01E-05
2.2775,8.68E-06,2.65E-05,2.68392E-05,3.14E-05
2.2825,9.06E-06,2.66E-05,2.60351E-05,3.03E-05
2.2875,8.44E-06,2.56E-05,2.59147E-05,3.08E-05
2.2925,8.82E-06,2.34E-05,2.55271E-05,3.09E-05
2.2975,8.42E-06,2.24E-05,2.47509E-05,3.17E-05
2.3025,8.14E-06,2.15E-05,2.33492E-05,3.00E-05
2.3075,7.56E-06,2.28E-05,2.36556E-05,3.06E-05
2.3125,7.73E-06,2.34E-05,2.18233E-05,3.16E-05
2.3175,8.13E-06,2.42E-05,2.14683E-05,3.04E-05
2.3225,7.91E-06,2.43E-05,2.25649E-05,3.04E-05
2.3275,8.15E-06,2.54E-05,2.4842E-05,3.02E-05
2.3325,8.08E-06,2.50E-05,2.54851E-05,3.00E-05
2.3375,8.37E-06,2.34E-05,2.59921E-05,3.17E-05
2.3425,8.11E-06,2.28E-05,2.61424E-05,2.95E-05
2.3475,7.85E-06,2.27E-05,2.50325E-05,3.02E-05
2.3525,7.53E-06,2.17E-05,2.4292E-05,3.08E-05
2.3575,7.93E-06,2.08E-05,2.3369E-05,2.97E-05
2.3625,7.46E-06,2.17E-05,2.37656E-05,3.17E-05
2.3675,7.29E-06,2.33E-05,2.46106E-05,3.07E-05
2.3725,7.90E-06,2.32E-05,2.54207E-05,3.00E-05
2.3775,8.10E-06,2.43E-05,2.60368E-05,2.98E-05
2.3825,7.97E-06,2.52E-05,2.62809E-05,3.01E-05
2.3875,8.36E-06,2.49E-05,2.60261E-05,2.93E-05
2.3925,8.38E-06,2.38E-05,2.47868E-05,3.13E-05
2.3975,7.89E-06,2.36E-05,2.37695E-05,2.89E-05
2.4025,8.16E-06,2.37E-05,2.39834E-05,2.95E-05
2.4075,7.86E-06,2.41E-05,2.51907E-05,2.97E-05
2.4125,8.24E-06,2.43E-05,2.62819E-05,2.72E-05
2.4175,8.20E-06,2.28E-05,2.61791E-05,3.05E-05
2.4225,7.31E-06,2.20E-05,2.61155E-05,3.14E-05
2.4275,7.30E-06,2.17E-05,2.546E-05,3.19E-05
2.4325,7.33E-06,2.17E-05,2.42173E-05,2.93E-05
2.4375,7.17E-06,2.18E-05,2.43552E-05,3.03E-05
2.4425,7.27E-06,2.15E-05,2.41292E-05,2.89E-05
2.4475,7.73E-06,2.20E-05,2.44718E-05,3.05E-05
2.4525,7.31E-06,2.24E-05,2.45516E-05,3.03E-05
2.4575,7.57E-06,2.37E-05,2.45214E-05,3.19E-05
2.4625,7.60E-06,2.51E-05,2.48212E-05,2.95E-05
2.4675,7.41E-06,2.45E-05,2.5277E-05,3.03E-05
2.4725,7.84E-06,2.31E-05,2.45784E-05,2.90E-05
2.4775,7.26E-06,2.13E-05,2.39815E-05,3.03E-05
2.4825,6.99E-06,2.31E-05,2.21404E-05,2.98E-05
2.4875,7.63E-06,2.43E-05,2.26605E-05,2.95E-05
2.4925,8.15E-06,2.40E-05,2.27972E-05,2.92E-05
2.4975,7.55E-06,2.39E-05,2.32244E-05,3.19E-05
2.5025,7.99E-06,2.51E-05,2.41017E-05,2.96E-05
2.5075,7.82E-06,2.44E-05,2.39821E-05,3.01E-05
2.5125,7.33E-06,2.37E-05,2.41386E-05,2.97E-05
2.5175,7.51E-06,2.33E-05,2.32494E-05,3.14E-05
2.5225,7.28E-06,2.42E-05,2.23706E-05,3.00E-05
2.5275,7.53E-06,2.37E-05,2.30676E-05,3.08E-05
2.5325,7.96E-06,2.20E-05,2.45984E-05,3.02E-05
2.5375,7.68E-06,2.16E-05,2.43357E-05,2.92E-05
2.5425,6.95E-06,2.06E-05,2.34111E-05,3.15E-05
2.5475,7.13E-06,2.12E-05,2.45491E-05,3.18E-05
2.5525,7.25E-06,2.34E-05,2.48153E-05,3.10E-05
2.5575,7.44E-06,2.32E-05,2.53397E-05,2.96E-05
2.5625,7.55E-06,2.47E-05,2.58234E-05,2.98E-05
2.5675,7.58E-06,2.43E-05,2.47925E-05,2.93E-05
2.5725,7.43E-06,2.41E-05,2.27199E-05,2.82E-05
2.5775,7.70E-06,2.51E-05,2.24893E-05,3.07E-05
2.5825,7.84E-06,2.61E-05,2.24706E-05,3.00E-05
2.5875,8.11E-06,2.47E-05,2.34821E-05,3.06E-05
2.5925,8.05E-06,2.31E-05,2.31111E-05,3.10E-05
2.5975,7.39E-06,2.13E-05,2.44016E-05,2.97E-05
2.6025,6.94E-06,2.10E-05,2.51316E-05,2.98E-05
2.6075,6.85E-06,2.03E-05,2.38188E-05,2.94E-05
2.6125,6.71E-06,2.16E-05,2.29065E-05,3.04E-05
2.6175,7.18E-06,2.34E-05,2.20183E-05,2.88E-05
2.6225,7.13E-06,2.48E-05,2.20669E-05,2.93E-05
2.6275,7.76E-06,2.53E-05,2.37406E-05,3.17E-05
2.6325,7.60E-06,2.40E-05,2.4198E-05,3.15E-05
2.6375,7.87E-06,2.33E-05,2.4504E-05,3.05E-05
2.6425,7.40E-06,2.26E-05,2.42362E-05,3.05E-05
2.6475,6.74E-06,2.36E-05,2.34793E-05,3.08E-05
2.6525,7.79E-06,2.40E-05,2.2439E-05,3.15E-05
2.6575,6.89E-06,2.47E-05,2.08285E-05,2.80E-05
2.6625,7.33E-06,2.31E-05,2.14979E-05,3.05E-05
2.6675,7.55E-06,2.36E-05,2.26945E-05,3.14E-05
2.6725,7.67E-06,2.35E-05,2.23068E-05,2.99E-05
2.6775,7.35E-06,2.33E-05,2.30731E-05,2.98E-05
2.6825,7.44E-06,2.35E-05,2.43885E-05,2.92E-05
2.6875,7.49E-06,2.42E-05,2.48462E-05,3.05E-05
2.6925,7.34E-06,2.38E-05,2.52833E-05,3.05E-05
2.6975,7.28E-06,2.17E-05,2.57405E-05,3.00E-05
2.7025,6.62E-06,2.20E-05,2.51079E-05,3.09E-05
2.7075,6.27E-06,2.42E-05,2.46546E-05,3.16E-05
2.7125,6.89E-06,2.56E-05,2.46527E-05,3.05E-05
2.7175,7.47E-06,2.68E-05,2.49211E-05,3.07E-05
2.7225,7.34E-06,2.54E-05,2.47931E-05,2.94E-05
2.7275,7.38E-06,2.45E-05,2.4709E-05,3.00E-05
2.7325,6.84E-06,2.36E-05,2.43124E-05,3.06E-05
2.7375,7.10E-06,2.41E-05,2.52258E-05,2.87E-05
2.7425,7.48E-06,2.47E-05,2.50392E-05,3.04E-05
2.7475,7.63E-06,2.54E-05,2.52499E-05,3.11E-05
2.7525,7.17E-06,2.45E-05,2.55326E-05,3.08E-05
2.7575,7.23E-06,2.44E-05,2.5598E-05,2.86E-05
2.7625,7.32E-06,2.44E-05,2.60251E-05,3.11E-05
2.7675,7.08E-06,2.42E-05,2.61967E-05,2.97E-05
2.7725,6.94E-06,2.28E-05,2.56497E-05,2.89E-05
2.7775,6.78E-06,2.24E-05,2.48517E-05,2.95E-05
2.7825,6.72E-06,2.11E-05,2.37215E-05,3.19E-05
2.7875,6.89E-06,2.10E-05,2.29549E-05,2.98E-05
2.7925,6.14E-06,2.12E-05,2.29537E-05,3.00E-05
2.7975,6.72E-06,2.12E-05,2.39735E-05,3.10E-05
2.8025,6.74E-06,2.05E-05,2.39983E-05,3.00E-05
2.8075,6.49E-06,2.15E-05,2.4504E-05,2.97E-05
2.8125,6.40E-06,2.20E-05,2.4948E-05,2.93E-05
2.8175,6.71E-06,2.18E-05,2.49219E-05,2.92E-05
2.8225,6.42E-06,2.10E-05,2.46855E-05,3.03E-05
2.8275,6.57E-06,2.00E-05,2.48565E-05,3.05E-05
2.8325,6.39E-06,2.04E-05,2.4701E-05,3.12E-05
2.8375,6.44E-06,1.98E-05,2.52974E-05,3.07E-05
2.8425,6.30E-06,2.16E-05,2.65112E-05,3.10E-05
2.8475,6.59E-06,2.09E-05,2.70975E-05,3.11E-05
2.8525,6.65E-06,2.08E-05,2.66808E-05,3.11E-05
2.8575,6.35E-06,2.21E-05,2.59734E-05,3.06E-05
2.8625,6.01E-06,2.34E-05,2.46009E-05,3.21E-05
2.8675,6.92E-06,2.37E-05,2.42675E-05,3.07E-05
2.8725,6.57E-06,2.38E-05,2.37781E-05,3.03E-05
2.8775,6.62E-06,2.38E-05,2.47675E-05,3.02E-05
2.8825,7.10E-06,2.57E-05,2.45787E-05,3.09E-05
2.8875,7.31E-06,2.56E-05,2.47673E-05,2.94E-05
2.8925,7.62E-06,2.50E-05,2.44788E-05,2.93E-05
2.8975,7.56E-06,2.49E-05,2.42169E-05,3.17E-05
2.9025,7.56E-06,2.52E-05,2.54833E-05,2.96E-05
2.9075,7.96E-06,2.53E-05,2.70365E-05,3.28E-05
2.9125,8.19E-06,2.62E-05,2.74693E-05,3.23E-05
2.9175,8.44E-06,2.69E-05,2.75892E-05,3.22E-05
2.9225,8.33E-06,2.86E-05,2.73789E-05,3.20E-05
2.9275,8.59E-06,2.83E-05,2.82827E-05,3.22E-05
2.9325,9.14E-06,2.76E-05,2.81123E-05,3.11E-05
2.9375,8.50E-06,2.72E-05,2.99356E-05,3.19E-05
2.9425,8.91E-06,2.67E-05,2.98523E-05,3.16E-05
2.9475,8.22E-06,2.80E-05,2.96638E-05,3.19E-05
2.9525,8.55E-06,2.78E-05,2.88721E-05,3.06E-05
2.9575,8.76E-06,2.74E-05,2.82042E-05,3.19E-05
2.9625,8.93E-06,2.92E-05,3.01154E-05,3.20E-05
2.9675,8.98E-06,3.02E-05,3.19869E-05,3.12E-05
2.9725,9.00E-06,2.86E-05,3.15658E-05,3.20E-05
2.9775,8.82E-06,2.70E-05,2.98447E-05,3.15E-05
2.9825,8.89E-06,2.74E-05,2.89495E-05,3.19E-05
2.9875,8.65E-06,2.73E-05,2.85317E-05,3.13E-05
2.9925,8.49E-06,2.83E-05,2.80535E-05,3.19E-05
2.9975,8.55E-06,2.88E-05,2.69777E-05,3.04E-05
3.0025,8.61E-06,2.81E-05,2.70642E-05,2.99E-05
3.0075,8.33E-06,2.80E-05,2.71152E-05,3.13E-05
3.0125,8.46E-06,2.71E-05,2.80974E-05,3.06E-05
3.0175,8.40E-06,2.74E-05,2.97154E-05,3.15E-05
3.0225,8.63E-06,2.86E-05,2.94227E-05,3.05E-05
3.0275,7.99E-06,2.72E-05,2.87458E-05,3.19E-05
3.0325,8.51E-06,2.70E-05,2.79723E-05,3.05E-05
3.0375,8.86E-06,2.66E-05,2.76416E-05,3.23E-05
3.0425,8.04E-06,2.63E-05,2.6992E-05,3.25E-05
3.0475,8.50E-06,2.57E-05,2.68071E-05,3.21E-05
3.0525,8.57E-06,2.62E-05,2.72503E-05,3.15E-05
3.0575,8.17E-06,2.60E-05,2.68153E-05,3.17E-05
3.0625,7.92E-06,2.44E-05,2.72184E-05,3.15E-05
3.0675,7.74E-06,2.49E-05,2.70224E-05,3.11E-05
3.0725,7.81E-06,2.49E-05,2.7001E-05,3.22E-05
3.0775,7.79E-06,2.55E-05,2.65545E-05,3.12E-05
3.0825,8.04E-06,2.61E-05,2.65284E-05,3.18E-05
3.0875,7.88E-06,2.57E-05,2.70497E-05,3.25E-05
3.0925,8.27E-06,2.67E-05,2.82976E-05,3.16E-05
3.0975,8.02E-06,2.80E-05,2.79962E-05,2.96E-05
3.1025,8.27E-06,2.92E-05,2.85045E-05,3.17E-05
3.1075,8.64E-06,3.08E-05,2.88973E-05,3.16E-05
3.1125,8.78E-06,2.90E-05,2.83574E-05,3.24E-05
3.1175,8.93E-06,2.81E-05,2.76267E-05,3.13E-05
3.1225,8.37E-06,2.78E-05,2.74964E-05,2.98E-05
3.1275,8.64E-06,2.82E-05,2.84382E-05,3.21E-05
3.1325,8.41E-06,2.75E-05,2.91883E-05,3.13E-05
3.1375,8.27E-06,2.69E-05,2.88923E-05,3.10E-05
3.1425,8.21E-06,2.62E-05,2.92502E-05,3.26E-05
3.1475,7.93E-06,2.57E-05,2.96038E-05,3.11E-05
3.1525,8.00E-06,2.51E-05,2.92166E-05,3.31E-05
3.1575,7.87E-06,2.47E-05,2.78825E-05,3.06E-05
3.1625,8.22E-06,2.43E-05,2.71151E-05,3.18E-05
3.1675,7.39E-06,2.58E-05,2.67895E-05,3.23E-05
3.1725,7.78E-06,2.60E-05,2.64472E-05,3.25E-05
3.1775,8.02E-06,2.73E-05,2.65822E-05,3.13E-05
3.1825,8.43E-06,2.68E-05,2.74824E-05,3.21E-05
3.1875,8.79E-06,2.60E-05,2.85966E-05,3.08E-05
3.1925,8.11E-06,2.57E-05,3.07119E-05,3.03E-05
3.1975,8.24E-06,2.55E-05,3.06983E-05,3.07E-05
3.2025,8.06E-06,2.51E-05,2.916E-05,3.12E-05
3.2075,7.97E-06,2.57E-05,2.8695E-05,3.11E-05
3.2125,7.96E-06,2.53E-05,2.77707E-05,3.04E-05
3.2175,7.69E-06,2.48E-05,2.79715E-05,3.20E-05
3.2225,7.73E-06,2.56E-05,2.78466E-05,3.14E-05
3.2275,7.60E-06,2.49E-05,2.78152E-05,3.13E-05
3.2325,7.68E-06,2.54E-05,2.75338E-05,3.30E-05
3.2375,7.88E-06,2.59E-05,2.89053E-05,3.26E-05
3.2425,7.68E-06,2.52E-05,3.00635E-05,3.15E-05
3.2475,7.48E-06,2.57E-05,2.93979E-05,3.13E-05
3.2525,7.99E-06,2.49E-05,2.75126E-05,3.18E-05
3.2575,7.24E-06,2.68E-05,2.6505E-05,3.11E-05
3.2625,7.86E-06,2.67E-05,2.57407E-05,3.20E-05
3.2675,7.95E-06,2.66E-05,2.58356E-05,3.24E-05
3.2725,8.17E-06,2.67E-05,2.70392E-05,3.28E-05
3.2775,8.42E-06,2.82E-05,2.76106E-05,3.16E-05
3.2825,8.73E-06,3.02E-05,2.83104E-05,3.13E-05
3.2875,1.04104E-05,3.11E-05,2.87359E-05,3.40464E-05
3.2925,1.00598E-05,3.29E-05,2.90089E-05,3.28725E-05
3.2975,1.05827E-05,3.34E-05,2.88469E-05,3.46905E-05
3.3025,1.07242E-05,3.15E-05,2.92133E-05,3.42235E-05
3.3075,1.03488E-05,3.05E-05,2.90075E-05,3.29583E-05
3.3125,1.04125E-05,3.08E-05,2.9387E-05,3.21696E-05
3.3175,9.86E-06,3.16E-05,2.98606E-05,3.34E-05
3.3225,9.97E-06,3.02E-05,3.08349E-05,3.46E-05
3.3275,1.01745E-05,3.04E-05,3.05611E-05,3.4601E-05
3.3325,9.68E-06,3.21E-05,3.05552E-05,3.48E-05
3.3375,1.03081E-05,3.13E-05,3.07487E-05,3.44548E-05
3.3425,9.82E-06,3.00E-05,3.20994E-05,3.39E-05
3.3475,9.73E-06,2.93E-05,3.28682E-05,3.30E-05
3.3525,9.87E-06,2.93E-05,3.27131E-05,3.48E-05
3.3575,1.00133E-05,2.99E-05,3.15859E-05,3.34519E-05
3.3625,1.01233E-05,3.04E-05,3.0696E-05,3.52933E-05
3.3675,1.0525E-05,3.01E-05,3.10773E-05,3.21635E-05
3.3725,9.65E-06,3.16E-05,3.05565E-05,3.50E-05
3.3775,1.02394E-05,3.20E-05,3.03546E-05,3.47118E-05
3.3825,1.05783E-05,3.08E-05,2.92202E-05,3.49521E-05
3.3875,1.01695E-05,3.04E-05,3.1067E-05,3.44784E-05
3.3925,9.70E-06,2.92E-05,3.08783E-05,3.46E-05
3.3975,9.75E-06,3.02E-05,3.10433E-05,3.25E-05
3.4025,9.80E-06,3.03E-05,3.02023E-05,3.30E-05
3.4075,1.02556E-05,3.02E-05,3.04771E-05,3.33736E-05
3.4125,1.01926E-05,2.85E-05,3.2291E-05,3.45373E-05
3.4175,9.90E-06,2.85E-05,3.28535E-05,3.54E-05
3.4225,9.78E-06,2.84E-05,3.10275E-05,3.28E-05
3.4275,9.08E-06,2.80E-05,3.0355E-05,3.27E-05
3.4325,9.47E-06,2.84E-05,3.03695E-05,3.28E-05
3.4375,9.80E-06,2.86E-05,3.09358E-05,3.24E-05
3.4425,9.99E-06,3.04E-05,3.25148E-05,3.47E-05
3.4475,1.02026E-05,3.13E-05,3.30036E-05,3.40047E-05
3.4525,1.00727E-05,3.19E-05,3.18048E-05,3.31798E-05
3.4575,1.02058E-05,3.09E-05,3.093E-05,3.47181E-05
3.4625,9.70E-06,3.06E-05,3.08416E-05,3.34E-05
3.4675,9.78E-06,2.97E-05,2.95348E-05,3.45E-05
3.4725,9.81E-06,3.00E-05,2.95111E-05,3.36E-05
3.4775,9.86E-06,3.01E-05,2.87359E-05,3.25E-05
3.4825,9.80E-06,2.94E-05,3.00025E-05,3.25E-05
3.4875,1.01004E-05,2.92E-05,2.93025E-05,3.39319E-05
3.4925,9.40E-06,2.89E-05,3.05084E-05,3.31E-05
3.4975,9.46E-06,2.87E-05,2.99983E-05,3.41E-05
3.5025,9.26E-06,2.90E-05,3.00535E-05,3.45E-05
3.5075,9.27E-06,2.88E-05,2.96151E-05,3.43E-05
3.5125,9.16E-06,2.92E-05,2.96699E-05,3.46E-05
3.5175,9.55E-06,2.85E-05,2.98648E-05,3.39E-05
3.5225,1.01278E-05,2.88E-05,3.05825E-05,3.32654E-05
3.5275,9.37E-06,2.92E-05,3.07787E-05,3.40E-05
3.5325,9.33E-06,3.02E-05,3.06467E-05,3.16E-05
3.5375,9.86E-06,2.98E-05,3.13494E-05,3.39E-05
3.5425,9.82E-06,3.02E-05,3.07457E-05,3.36E-05
3.5475,9.91E-06,3.00E-05,2.99907E-05,3.64E-05
3.5525,9.69E-06,2.90E-05,3.00784E-05,3.21E-05
3.5575,9.41E-06,2.86E-05,3.06465E-05,3.33E-05
3.5625,9.23E-06,2.99E-05,3.05235E-05,3.28E-05
3.5675,9.60E-06,2.92E-05,3.01406E-05,3.40E-05
3.5725,9.98E-06,2.93E-05,3.10443E-05,3.30E-05
3.5775,9.66E-06,3.02E-05,3.17676E-05,3.31E-05
3.5825,9.91E-06,2.98E-05,3.10617E-05,3.42E-05
3.5875,9.59E-06,2.98E-05,2.98892E-05,3.42E-05
3.5925,9.46E-06,2.91E-05,2.93117E-05,3.29E-05
3.5975,9.38E-06,2.85E-05,2.86369E-05,3.44E-05
3.6025,9.39E-06,3.00E-05,2.86572E-05,3.30E-05
3.6075,9.45E-06,2.97E-05,2.90903E-05,3.41E-05
3.6125,9.80E-06,3.00E-05,2.97268E-05,3.45E-05
3.6175,9.81E-06,2.95E-05,2.92425E-05,3.64E-05
3.6225,9.57E-06,2.95E-05,2.98491E-05,3.50E-05
3.6275,9.45E-06,2.95E-05,3.03395E-05,3.42E-05
3.6325,9.06E-06,2.97E-05,3.07978E-05,3.48E-05
3.6375,9.55E-06,2.87E-05,3.18889E-05,3.35E-05
3.6425,8.86E-06,2.82E-05,3.30554E-05,3.41E-05
3.6475,9.17E-06,2.74E-05,3.3068E-05,3.38E-05
3.6525,9.29E-06,2.91E-05,3.19634E-05,3.44E-05
3.6575,9.27E-06,3.02E-05,3.09383E-05,3.75E-05
3.6625,1.00812E-05,3.07E-05,3.01469E-05,3.54296E-05
3.6675,1.05964E-05,3.09E-05,2.97307E-05,3.77447E-05
3.6725,1.05739E-05,3.14E-05,3.00358E-05,3.57448E-05
3.6775,1.0784E-05,3.17E-05,3.08828E-05,3.66751E-05
3.6825,1.04774E-05,3.27E-05,3.24452E-05,3.53735E-05
3.6875,1.06755E-05,3.20E-05,3.23719E-05,3.66709E-05
3.6925,1.11944E-05,3.18E-05,3.16984E-05,3.53371E-05
3.6975,1.04624E-05,2.90E-05,3.09447E-05,3.63953E-05
3.7025,1.01405E-05,3.02E-05,2.93306E-05,3.73203E-05
3.7075,1.05102E-05,3.12E-05,2.85177E-05,3.84683E-05
3.7125,1.03971E-05,3.31E-05,2.92813E-05,3.68401E-05
3.7175,1.06629E-05,3.33E-05,2.96642E-05,3.81725E-05
3.7225,1.16243E-05,3.33E-05,2.93598E-05,3.82256E-05
3.7275,1.18721E-05,3.29E-05,3.01129E-05,3.64649E-05
3.7325,1.153E-05,3.08E-05,3.15584E-05,3.58556E-05
3.7375,1.08529E-05,3.06E-05,3.26733E-05,3.66735E-05
3.7425,1.15735E-05,3.01E-05,3.43836E-05,3.93935E-05
3.7475,1.20539E-05,2.99E-05,3.26149E-05,3.87325E-05
3.7525,1.21464E-05,2.93E-05,3.13731E-05,3.97488E-05
3.7575,1.23227E-05,2.82E-05,3.05097E-05,4.04014E-05
3.7625,1.16476E-05,2.86E-05,2.92572E-05,3.99905E-05
3.7675,1.17489E-05,2.75E-05,2.82191E-05,3.95453E-05
3.7725,1.19847E-05,2.61E-05,2.73829E-05,3.7811E-05
3.7775,1.13293E-05,2.55E-05,2.76097E-05,4.07266E-05
3.7825,1.12417E-05,2.58E-05,2.76857E-05,4.00141E-05
3.7875,1.13607E-05,2.32E-05,2.68237E-05,4.14036E-05
3.7925,1.15133E-05,2.22E-05,2.63513E-05,4.0509E-05
3.7975,1.06095E-05,2.17E-05,2.66537E-05,4.14824E-05
3.8025,1.0748E-05,2.14E-05,2.63616E-05,3.9199E-05
3.8075,1.03321E-05,2.15E-05,2.69708E-05,3.97692E-05
3.8125,1.04679E-05,2.22E-05,2.57197E-05,4.19329E-05
3.8175,1.05788E-05,2.34E-05,2.43214E-05,4.04081E-05
3.8225,1.09589E-05,2.37E-05,2.31895E-05,4.01321E-05
3.8275,1.11894E-05,2.65E-05,2.26532E-05,3.92808E-05
3.8325,1.18918E-05,2.67E-05,2.28836E-05,4.04105E-05
3.8375,1.14708E-05,2.50E-05,2.32372E-05,4.0938E-05
3.8425,1.12676E-05,2.39E-05,2.41443E-05,4.31754E-05
3.8475,1.14537E-05,2.35E-05,2.41256E-05,3.94547E-05
3.8525,1.11557E-05,2.51E-05,2.51343E-05,4.04763E-05
3.8575,1.16366E-05,2.63E-05,2.67421E-05,4.22043E-05
3.8625,1.13562E-05,2.45E-05,2.54715E-05,3.97631E-05
3.8675,1.14275E-05,2.20E-05,2.47549E-05,4.03291E-05
3.8725,1.05893E-05,2.11E-05,2.308E-05,4.06207E-05
3.8775,1.01683E-05,2.09E-05,2.18609E-05,4.03314E-05
3.8825,9.71E-06,2.12E-05,2.36145E-05,3.76E-05
3.8875,1.04891E-05,2.14E-05,2.32156E-05,3.81083E-05
3.8925,1.03418E-05,2.27E-05,2.26861E-05,3.98127E-05
3.8975,1.05301E-05,2.21E-05,2.19375E-05,4.05303E-05
3.9025,9.90E-06,2.30E-05,2.32196E-05,3.91E-05
3.9075,1.04384E-05,2.24E-05,2.35224E-05,3.90447E-05
3.9125,1.06401E-05,2.35E-05,2.20596E-05,3.9447E-05
3.9175,1.06096E-05,2.20E-05,2.16632E-05,3.96373E-05
3.9225,1.04582E-05,2.30E-05,2.11785E-05,3.74246E-05
3.9275,1.09561E-05,2.16E-05,2.11823E-05,4.15222E-05
3.9325,1.03516E-05,2.17E-05,2.18479E-05,3.73328E-05
3.9375,9.88E-06,2.21E-05,2.42222E-05,4.09E-05
3.9425,9.85E-06,2.24E-05,2.51926E-05,4.08E-05
3.9475,1.03156E-05,2.16E-05,2.60133E-05,4.01335E-05
3.9525,1.06478E-05,2.22E-05,2.62953E-05,3.91587E-05
3.9575,1.00577E-05,2.18E-05,2.56916E-05,3.99692E-05
3.9625,9.97E-06,2.23E-05,2.49247E-05,4.10E-05
3.9675,1.02589E-05,2.17E-05,2.41164E-05,4.03824E-05
3.9725,1.00412E-05,2.18E-05,2.32328E-05,4.10001E-05
3.9775,9.75E-06,2.23E-05,2.27403E-05,3.99E-05
3.9825,1.02996E-05,2.30E-05,2.29463E-05,4.09067E-05
3.9875,1.07057E-05,2.43E-05,2.23282E-05,3.96739E-05
3.9925,1.10114E-05,2.54E-05,2.31587E-05,3.90342E-05
3.9975,1.05286E-05,2.42E-05,2.37221E-05,4.05066E-05
4.0025,1.03256E-05,2.38E-05,2.34136E-05,4.04325E-05
4.0075,1.05635E-05,2.33E-05,2.4816E-05,3.81334E-05
4.0125,1.05271E-05,2.23E-05,2.58885E-05,3.86256E-05
4.0175,9.99E-06,2.16E-05,2.52545E-05,3.95E-05
4.0225,1.01379E-05,2.28E-05,2.44888E-05,4.09845E-05
4.0275,1.03483E-05,2.27E-05,2.38975E-05,3.92614E-05
4.0325,1.05078E-05,2.23E-05,2.50153E-05,3.94141E-05
4.0375,1.0128E-05,2.20E-05,2.61936E-05,4.027E-05
4.0425,1.02575E-05,2.12E-05,2.2781E-05,4.02332E-05
4.0475,1.04086E-05,2.08E-05,2.2794E-05,4.17582E-05
4.0525,1.01122E-05,2.16E-05,2.36661E-05,4.14522E-05
4.0575,1.00939E-05,2.29E-05,2.45898E-05,4.13813E-05
4.0625,1.06313E-05,2.51E-05,2.35689E-05,4.04777E-05
4.0675,1.14131E-05,2.61E-05,2.44129E-05,4.04149E-05
4.0725,1.13752E-05,2.64E-05,2.50567E-05,4.18082E-05
4.0775,1.10916E-05,2.46E-05,2.3527E-05,4.2682E-05
4.0825,1.12074E-05,2.32E-05,2.31539E-05,4.12082E-05
4.0875,1.07787E-05,2.41E-05,2.34579E-05,4.09669E-05
4.0925,1.12126E-05,2.59E-05,2.45308E-05,4.14133E-05
4.0975,1.1605E-05,2.50E-05,2.53316E-05,4.22287E-05
4.1025,1.12441E-05,2.46E-05,2.56024E-05,4.06807E-05
4.1075,1.14966E-05,2.44E-05,2.63436E-05,4.13433E-05
4.1125,1.06318E-05,2.42E-05,2.58532E-05,4.18831E-05
4.1175,1.06779E-05,2.32E-05,2.50229E-05,4.05263E-05
4.1225,1.04814E-05,2.27E-05,2.49721E-05,3.92315E-05
4.1275,1.01639E-05,2.33E-05,2.4574E-05,4.17264E-05
4.1325,1.02043E-05,2.51E-05,2.32154E-05,4.09461E-05
4.1375,1.11544E-05,2.86E-05,2.413E-05,4.14228E-05
4.1425,1.19633E-05,2.79E-05,2.48021E-05,4.15062E-05
4.1475,1.1805E-05,2.72E-05,2.57879E-05,4.10895E-05
4.1525,1.14078E-05,2.51E-05,2.49719E-05,4.18201E-05
4.1575,1.04549E-05,2.36E-05,2.39385E-05,4.02784E-05
4.1625,1.03E-05,2.21E-05,2.35251E-05,4.1995E-05
4.1675,9.95E-06,2.16E-05,2.42371E-05,4.02E-05
4.1725,1.01296E-05,2.30E-05,2.44204E-05,4.09827E-05
4.1775,1.01884E-05,2.54E-05,2.53509E-05,4.21285E-05
4.1825,1.05829E-05,2.52E-05,2.50535E-05,4.20124E-05
4.1875,1.08432E-05,2.35E-05,2.49027E-05,4.01907E-05
4.1925,1.05021E-05,2.36E-05,2.56648E-05,4.11132E-05
4.1975,1.02202E-05,2.33E-05,2.5491E-05,4.20446E-05
4.2025,1.05479E-05,2.44E-05,2.52997E-05,4.03145E-05
4.2075,1.01644E-05,2.41E-05,2.53664E-05,4.14511E-05
4.2125,1.05286E-05,2.34E-05,2.43478E-05,4.21621E-05
4.2175,9.74E-06,2.32E-05,2.44803E-05,4.36E-05
4.2225,1.02463E-05,2.31E-05,2.51024E-05,4.25297E-05
4.2275,9.88E-06,2.13E-05,2.46179E-05,4.10E-05
4.2325,9.26E-06,2.04E-05,2.26408E-05,4.10E-05
4.2375,9.43E-06,2.02E-05,2.27201E-05,4.13E-05
4.2425,8.89E-06,2.08E-05,2.2743E-05,3.93E-05
4.2475,9.73E-06,2.12E-05,2.38279E-05,4.03E-05
4.2525,9.72E-06,2.23E-05,2.33127E-05,4.05E-05
4.2575,9.46E-06,2.21E-05,2.32949E-05,4.27E-05
4.2625,1.03562E-05,2.45E-05,2.35009E-05,4.22518E-05
4.2675,1.02374E-05,2.65E-05,2.34525E-05,4.00732E-05
4.2725,1.07454E-05,2.49E-05,2.37181E-05,4.22157E-05
4.2775,1.05231E-05,2.41E-05,2.35066E-05,4.16103E-05
4.2825,9.96E-06,2.23E-05,2.62546E-05,4.34E-05
4.2875,9.65E-06,2.18E-05,2.73145E-05,4.14E-05
4.2925,9.47E-06,2.23E-05,2.81436E-05,3.98E-05
4.2975,9.55E-06,2.32E-05,2.80183E-05,4.05E-05
4.3025,1.01853E-05,2.40E-05,2.74884E-05,4.04587E-05
4.3075,1.01939E-05,2.43E-05,2.80764E-05,4.08802E-05
4.3125,9.56E-06,2.34E-05,2.82208E-05,4.03E-05
4.3175,9.87E-06,2.28E-05,2.74459E-05,4.06E-05
4.3225,9.18E-06,2.20E-05,2.52266E-05,4.02E-05
4.3275,1.0022E-05,2.14E-05,2.37528E-05,4.28102E-05
4.3325,9.35E-06,2.13E-05,2.34401E-05,4.20E-05
4.3375,8.65E-06,2.06E-05,2.41046E-05,4.05E-05
4.3425,8.99E-06,2.20E-05,2.62091E-05,3.95E-05
4.3475,8.87E-06,2.26E-05,2.75222E-05,4.12E-05
4.3525,9.53E-06,2.28E-05,2.77682E-05,4.08E-05
4.3575,9.12E-06,2.23E-05,2.84174E-05,4.16E-05
4.3625,9.29E-06,2.13E-05,2.81857E-05,4.04E-05
4.3675,9.39E-06,2.09E-05,2.57775E-05,3.97E-05
4.3725,8.88E-06,2.00E-05,2.41762E-05,3.97E-05
4.3775,8.57E-06,2.15E-05,2.42377E-05,4.08E-05
4.3825,8.58E-06,2.28E-05,2.44549E-05,3.95E-05
4.3875,9.35E-06,2.30E-05,2.33715E-05,3.96E-05
4.3925,9.53E-06,2.36E-05,2.27172E-05,4.07E-05
4.3975,8.95E-06,2.47E-05,2.33383E-05,3.97E-05
4.4025,9.77E-06,2.34E-05,2.41474E-05,4.24E-05
4.4075,9.78E-06,2.30E-05,2.4941E-05,3.93E-05
4.4125,8.87E-06,2.35E-05,2.48575E-05,3.98E-05
4.4175,9.59E-06,2.42E-05,2.46865E-05,4.22E-05
4.4225,9.80E-06,2.52E-05,2.74261E-05,4.28E-05
4.4275,1.06961E-05,2.63E-05,2.62601E-05,4.16664E-05
4.4325,1.04891E-05,2.61E-05,2.53935E-05,4.11493E-05
4.4375,1.06853E-05,2.59E-05,2.50527E-05,4.21626E-05
4.4425,1.02428E-05,2.66E-05,2.52021E-05,4.25279E-05
4.4475,1.05328E-05,2.77E-05,2.36632E-05,3.96806E-05
4.4525,1.06714E-05,2.82E-05,2.2952E-05,4.28361E-05
4.4575,1.12908E-05,2.72E-05,2.24373E-05,4.17102E-05
4.4625,1.08604E-05,2.49E-05,2.15839E-05,4.04051E-05
4.4675,9.52E-06,2.32E-05,2.07639E-05,4.13E-05
4.4725,9.74E-06,2.58E-05,2.03851E-05,4.15E-05
4.4775,1.04628E-05,2.68E-05,2.03954E-05,4.2797E-05
4.4825,1.0521E-05,2.60E-05,2.04676E-05,4.11549E-05
4.4875,1.04265E-05,2.42E-05,2.07945E-05,4.05829E-05
4.4925,9.78E-06,2.39E-05,2.11025E-05,4.18E-05
4.4975,9.74E-06,2.50E-05,2.22873E-05,4.21E-05
4.5025,1.02047E-05,2.62E-05,2.37087E-05,4.20208E-05
4.5075,1.05987E-05,2.74E-05,2.25409E-05,4.10321E-05
4.5125,1.07331E-05,2.76E-05,2.20875E-05,4.19853E-05
4.5175,1.07988E-05,2.67E-05,2.19769E-05,4.02118E-05
4.5225,1.05511E-05,2.41E-05,2.28849E-05,4.18822E-05
4.5275,1.00034E-05,2.31E-05,2.33455E-05,4.28141E-05
4.5325,9.78E-06,2.26E-05,2.23968E-05,4.37E-05
4.5375,9.90E-06,2.19E-05,2.09023E-05,4.13E-05
4.5425,9.42E-06,2.23E-05,2.08961E-05,4.42E-05
4.5475,9.55E-06,2.35E-05,2.10658E-05,4.11E-05
4.5525,9.37E-06,2.51E-05,2.26354E-05,4.14E-05
4.5575,1.00303E-05,2.48E-05,2.45873E-05,4.12562E-05
4.5625,1.02043E-05,2.56E-05,2.47841E-05,4.03375E-05
4.5675,1.01784E-05,2.48E-05,2.30955E-05,4.22472E-05
4.5725,9.83E-06,2.29E-05,2.30047E-05,4.08E-05
4.5775,9.40E-06,2.21E-05,2.45124E-05,4.29E-05
4.5825,9.20E-06,2.30E-05,2.61512E-05,4.15E-05
4.5875,9.46E-06,2.17E-05,2.63488E-05,4.19E-05
4.5925,9.11E-06,2.14E-05,2.53208E-05,4.03E-05
4.5975,8.60E-06,2.08E-05,2.39899E-05,4.17E-05
4.6025,8.75E-06,2.06E-05,2.28375E-05,4.10E-05
4.6075,8.76E-06,2.01E-05,2.249E-05,3.97E-05
4.6125,8.64E-06,2.04E-05,2.19245E-05,4.05E-05
4.6175,8.37E-06,2.11E-05,2.08641E-05,4.21E-05
4.6225,9.11E-06,2.35E-05,2.02674E-05,4.19E-05
4.6275,9.43E-06,2.49E-05,2.13778E-05,4.31E-05
4.6325,1.00292E-05,2.50E-05,2.36898E-05,4.27309E-05
4.6375,9.71E-06,2.44E-05,2.58478E-05,4.17E-05
4.6425,9.58E-06,2.51E-05,2.65066E-05,4.12E-05
4.6475,9.99E-06,2.54E-05,2.44643E-05,3.89E-05
4.6525,9.74E-06,2.51E-05,2.48133E-05,4.31E-05
4.6575,9.83E-06,2.39E-05,2.51515E-05,4.03E-05
4.6625,9.28E-06,2.20E-05,2.6208E-05,4.08E-05
4.6675,8.70E-06,2.08E-05,2.71754E-05,4.40E-05
4.6725,9.02E-06,2.08E-05,2.68696E-05,4.27E-05
4.6775,8.86E-06,2.14E-05,2.66176E-05,3.97E-05
4.6825,9.30E-06,2.23E-05,2.58226E-05,4.00E-05
4.6875,9.35E-06,2.23E-05,2.36944E-05,4.25E-05
4.6925,9.01E-06,2.23E-05,2.26196E-05,4.30E-05
4.6975,8.73E-06,2.19E-05,2.32695E-05,3.99E-05
4.7025,8.64E-06,2.23E-05,2.53964E-05,4.09E-05
4.7075,8.69E-06,2.32E-05,2.69857E-05,4.02E-05
4.7125,8.71E-06,2.35E-05,2.7065E-05,4.11E-05
4.7175,9.18E-06,2.31E-05,2.66271E-05,4.06E-05
4.7225,8.81E-06,2.29E-05,2.56887E-05,4.29E-05
4.7275,9.10E-06,2.49E-05,2.57785E-05,4.22E-05
4.7325,9.55E-06,2.46E-05,2.57403E-05,3.97E-05
4.7375,9.25E-06,2.57E-05,2.51203E-05,4.07E-05
4.7425,9.52E-06,2.73E-05,2.43327E-05,4.09E-05
4.7475,9.93E-06,2.60E-05,2.39794E-05,4.13E-05
4.7525,1.0101E-05,2.52E-05,2.58996E-05,4.16919E-05
4.7575,9.69E-06,2.41E-05,2.66732E-05,4.19E-05
4.7625,8.58E-06,2.26E-05,2.49528E-05,4.04E-05
4.7675,9.06E-06,2.35E-05,2.40493E-05,4.24E-05
4.7725,8.16E-06,2.35E-05,2.28662E-05,4.18E-05
4.7775,9.05E-06,2.36E-05,2.35765E-05,3.99E-05
4.7825,8.94E-06,2.32E-05,2.52099E-05,4.15E-05
4.7875,8.96E-06,2.22E-05,2.49251E-05,4.17E-05
4.7925,9.02E-06,2.17E-05,2.27403E-05,4.11E-05
4.7975,8.44E-06,2.16E-05,2.11577E-05,4.31E-05
4.8025,8.26E-06,2.25E-05,2.54046E-05,4.31E-05
4.8075,8.49E-06,2.23E-05,2.62601E-05,4.35E-05
4.8125,8.56E-06,2.12E-05,2.59827E-05,4.17E-05
4.8175,8.70E-06,2.13E-05,2.64693E-05,4.13E-05
4.8225,8.44E-06,2.24E-05,2.66886E-05,4.04E-05
4.8275,8.39E-06,2.42E-05,2.71668E-05,4.22E-05
4.8325,9.25E-06,2.63E-05,2.62087E-05,4.14E-05
4.8375,9.36E-06,2.50E-05,2.55345E-05,4.20E-05
4.8425,9.59E-06,2.44E-05,2.44473E-05,4.40E-05
4.8475,9.02E-06,2.44E-05,2.48282E-05,4.69E-05
4.8525,9.26E-06,2.46E-05,2.42941E-05,5.07E-05
4.8575,9.28E-06,2.52E-05,2.41133E-05,5.20E-05
4.8625,9.38E-06,2.32E-05,2.41579E-05,5.26E-05
4.8675,9.16E-06,2.19E-05,2.37548E-05,5.15E-05
4.8725,8.37E-06,2.15E-05,2.43837E-05,5.34E-05
4.8775,8.05E-06,2.09E-05,2.47383E-05,5.33E-05
4.8825,8.35E-06,2.27E-05,2.52583E-05,5.41E-05
4.8875,8.65E-06,2.40E-05,2.67954E-05,5.57E-05
4.8925,8.83E-06,2.55E-05,2.72289E-05,5.38E-05
4.8975,9.10E-06,2.43E-05,2.72742E-05,5.36E-05
4.9025,8.89E-06,2.38E-05,2.65326E-05,5.45E-05
4.9075,9.19E-06,2.47E-05,2.71601E-05,5.17E-05
4.9125,8.89E-06,2.58E-05,2.75075E-05,4.75E-05
4.9175,9.42E-06,2.64E-05,2.65306E-05,4.26E-05
4.9225,9.11E-06,2.62E-05,2.52623E-05,4.19E-05
4.9275,9.13E-06,2.57E-05,2.47341E-05,4.28E-05
4.9325,8.93E-06,2.34E-05,2.40858E-05,3.97E-05
4.9375,8.87E-06,2.22E-05,2.51545E-05,4.11E-05
4.9425,8.47E-06,2.15E-05,2.5341E-05,3.96E-05
4.9475,7.96E-06,2.15E-05,2.53886E-05,4.00E-05
4.9525,7.89E-06,2.34E-05,2.52898E-05,3.96E-05
4.9575,8.09E-06,2.32E-05,2.5265E-05,4.07E-05
4.9625,8.78E-06,2.30E-05,2.57401E-05,4.04E-05
4.9675,8.72E-06,2.29E-05,2.55798E-05,3.92E-05
4.9725,8.59E-06,2.34E-05,2.60975E-05,4.04E-05
4.9775,8.66E-06,2.33E-05,2.47505E-05,4.05E-05
4.9825,8.74E-06,2.36E-05,2.42765E-05,4.21E-05
4.9875,8.84E-06,2.42E-05,2.37028E-05,4.06E-05
4.9925,8.37E-06,2.51E-05,2.35945E-05,4.05E-05
4.9975,8.47E-06,2.54E-05,2.46252E-05,3.91E-05
5.0025,8.75E-06,2.46E-05,2.40081E-05,4.00E-05
5.0075,8.66E-06,2.42E-05,2.32976E-05,4.28E-05
5.0125,8.86E-06,2.46E-05,2.40501E-05,4.05E-05
5.0175,9.06E-06,2.50E-05,2.40665E-05,3.96E-05
5.0225,8.94E-06,2.48E-05,2.43374E-05,3.91E-05
5.0275,9.12E-06,2.50E-05,2.49561E-05,4.14E-05
5.0325,9.10E-06,2.37E-05,2.64512E-05,4.12E-05
5.0375,8.82E-06,2.45E-05,2.71445E-05,4.18E-05
5.0425,8.41E-06,2.35E-05,2.8132E-05,4.04E-05
5.0475,8.74E-06,2.23E-05,2.82749E-05,4.14E-05
5.0525,8.81E-06,2.38E-05,2.72167E-05,3.92E-05
5.0575,8.94E-06,2.46E-05,2.74756E-05,4.12E-05
5.0625,8.78E-06,2.32E-05,2.76779E-05,4.14E-05
5.0675,8.27E-06,2.31E-05,2.79883E-05,4.11E-05
5.0725,8.60E-06,2.48E-05,2.75999E-05,4.26E-05
5.0775,8.57E-06,2.55E-05,2.67035E-05,4.07E-05
5.0825,8.46E-06,2.60E-05,2.67213E-05,4.03E-05
5.0875,9.40E-06,2.45E-05,2.65595E-05,3.95E-05
5.0925,8.73E-06,2.44E-05,2.5884E-05,3.96E-05
5.0975,8.48E-06,2.50E-05,2.61466E-05,4.08E-05
5.1025,8.76E-06,2.57E-05,2.67114E-05,4.01E-05
5.1075,8.64E-06,2.45E-05,2.5508E-05,4.08E-05
5.1125,8.13E-06,2.38E-05,2.57172E-05,4.21E-05
5.1175,8.36E-06,2.49E-05,2.48193E-05,3.97E-05
5.1225,7.88E-06,2.64E-05,2.61468E-05,3.98E-05
5.1275,8.68E-06,2.73E-05,2.53886E-05,3.98E-05
5.1325,8.88E-06,2.69E-05,2.37479E-05,3.94E-05
5.1375,8.74E-06,2.61E-05,2.24058E-05,4.05E-05
5.1425,8.84E-06,2.52E-05,2.36634E-05,4.11E-05
5.1475,8.76E-06,2.47E-05,2.36178E-05,4.18E-05
5.1525,8.54E-06,2.39E-05,2.34153E-05,4.23E-05
5.1575,8.05E-06,2.34E-05,2.45501E-05,4.01E-05
5.1625,8.03E-06,2.33E-05,2.45461E-05,4.14E-05
5.1675,7.98E-06,2.38E-05,2.41548E-05,3.95E-05
5.1725,8.52E-06,2.47E-05,2.37072E-05,4.12E-05
5.1775,8.38E-06,2.41E-05,2.27483E-05,4.15E-05
5.1825,8.31E-06,2.52E-05,2.28582E-05,4.07E-05
5.1875,8.19E-06,2.44E-05,2.30431E-05,4.23E-05
5.1925,7.81E-06,2.39E-05,2.48575E-05,4.25E-05
5.1975,8.10E-06,2.34E-05,2.59959E-05,4.03E-05
5.2025,7.94E-06,2.25E-05,2.62288E-05,4.05E-05
5.2075,7.99E-06,2.13E-05,2.56186E-05,4.07E-05
5.2125,7.49E-06,2.17E-05,2.65664E-05,4.01E-05
5.2175,7.61E-06,2.09E-05,2.61115E-05,3.92E-05
5.2225,7.81E-06,2.05E-05,2.54532E-05,3.95E-05
5.2275,7.35E-06,2.02E-05,2.50781E-05,3.98E-05
5.2325,7.26E-06,2.10E-05,2.56027E-05,4.17E-05
5.2375,7.57E-06,2.24E-05,2.50051E-05,4.05E-05
5.2425,7.64E-06,2.37E-05,2.52915E-05,3.94E-05
5.2475,8.14E-06,2.38E-05,2.53998E-05,3.81E-05
5.2525,7.92E-06,2.48E-05,2.58948E-05,3.86E-05
5.2575,7.60E-06,2.35E-05,2.62147E-05,4.11E-05
5.2625,7.45E-06,2.39E-05,2.57367E-05,4.06E-05
5.2675,8.10E-06,2.27E-05,2.51456E-05,4.00E-05
5.2725,7.59E-06,2.26E-05,2.56155E-05,4.10E-05
5.2775,7.20E-06,2.23E-05,2.39084E-05,4.00E-05
5.2825,7.17E-06,2.10E-05,2.38652E-05,4.09E-05
5.2875,7.12E-06,1.96E-05,2.41653E-05,4.15E-05
5.2925,6.90E-06,1.89E-05,2.32164E-05,3.91E-05
5.2975,6.90E-06,1.93E-05,2.27138E-05,4.10E-05
5.3025,7.29E-06,2.07E-05,2.26924E-05,3.98E-05
5.3075,6.94E-06,2.09E-05,2.41216E-05,3.91E-05
5.3125,7.22E-06,2.36E-05,2.45289E-05,3.90E-05
5.3175,7.53E-06,2.55E-05,2.3716E-05,3.97E-05
5.3225,7.85E-06,2.63E-05,2.31646E-05,4.11E-05
5.3275,8.32E-06,2.69E-05,2.24495E-05,4.28E-05
5.3325,8.45E-06,2.51E-05,2.29602E-05,4.00E-05
5.3375,7.97E-06,2.40E-05,2.3968E-05,4.06E-05
5.3425,8.22E-06,2.31E-05,2.51058E-05,4.05E-05
5.3475,8.12E-06,2.22E-05,2.46414E-05,4.15E-05
5.3525,7.23E-06,2.13E-05,2.42591E-05,3.89E-05
5.3575,6.94E-06,2.14E-05,2.49897E-05,4.09E-05
5.3625,7.12E-06,2.35E-05,2.52499E-05,4.28E-05
5.3675,7.40E-06,2.40E-05,2.55557E-05,4.02E-05
5.3725,7.45E-06,2.46E-05,2.68023E-05,4.30E-05
5.3775,7.56E-06,2.39E-05,2.69634E-05,4.08E-05
5.3825,7.72E-06,2.34E-05,2.79388E-05,3.93E-05
5.3875,7.09E-06,2.27E-05,2.71854E-05,4.16E-05
5.3925,7.28E-06,2.31E-05,2.80982E-05,4.15E-05
5.3975,7.13E-06,2.50E-05,2.83758E-05,4.03E-05
5.4025,8.03E-06,2.64E-05,2.83192E-05,3.81E-05
5.4075,8.50E-06,2.55E-05,2.65373E-05,4.02E-05
5.4125,7.84E-06,2.45E-05,2.62981E-05,4.11E-05
5.4175,8.08E-06,2.47E-05,2.4941E-05,4.05E-05
5.4225,7.20E-06,2.42E-05,2.45426E-05,4.30E-05
5.4275,7.51E-06,2.58E-05,2.45946E-05,4.13E-05
5.4325,7.91E-06,2.73E-05,2.53465E-05,4.24E-05
5.4375,8.50E-06,2.67E-05,2.47293E-05,4.14E-05
5.4425,8.03E-06,2.42E-05,2.5081E-05,4.13E-05
5.4475,7.62E-06,2.20E-05,2.51847E-05,4.06E-05
5.4525,6.70E-06,2.24E-05,2.38142E-05,4.14E-05
5.4575,7.19E-06,2.38E-05,2.2922E-05,3.94E-05
5.4625,7.36E-06,2.40E-05,2.19098E-05,4.15E-05
5.4675,7.29E-06,2.35E-05,2.20334E-05,4.06E-05
5.4725,7.41E-06,2.31E-05,2.35991E-05,4.07E-05
5.4775,7.45E-06,2.36E-05,2.40381E-05,3.95E-05
5.4825,6.90E-06,2.41E-05,2.54004E-05,4.27E-05
5.4875,7.09E-06,2.29E-05,2.5985E-05,3.97E-05
5.4925,7.26E-06,2.40E-05,2.5755E-05,4.03E-05
5.4975,7.22E-06,2.43E-05,2.66353E-05,4.04E-05
5.5025,7.69E-06,2.41E-05,2.56541E-05,4.05E-05
5.5075,7.56E-06,2.32E-05,2.42482E-05,4.03E-05
5.5125,6.67E-06,2.28E-05,2.42549E-05,4.04E-05
5.5175,7.16E-06,2.21E-05,2.39995E-05,4.09E-05
5.5225,6.93E-06,2.20E-05,2.45761E-05,3.87E-05
5.5275,6.80E-06,2.27E-05,2.5102E-05,4.18E-05
5.5325,7.30E-06,2.43E-05,2.48366E-05,4.13E-05
5.5375,7.76E-06,2.36E-05,2.33624E-05,3.99E-05
5.5425,7.51E-06,2.43E-05,2.38713E-05,4.10E-05
5.5475,7.23E-06,2.46E-05,2.47965E-05,4.11E-05
5.5525,7.70E-06,2.50E-05,2.50944E-05,4.21E-05
5.5575,7.67E-06,2.54E-05,2.55842E-05,4.33E-05
5.5625,7.95E-06,2.44E-05,2.60825E-05,4.05E-05
5.5675,7.73E-06,2.40E-05,2.62697E-05,3.97E-05
5.5725,7.08E-06,2.32E-05,2.62328E-05,4.19E-05
5.5775,7.21E-06,2.28E-05,2.60907E-05,4.14E-05
5.5825,7.31E-06,2.28E-05,2.54405E-05,3.99E-05
5.5875,7.27E-06,2.23E-05,2.55238E-05,4.09E-05
5.5925,6.73E-06,2.24E-05,2.60058E-05,3.98E-05
5.5975,7.16E-06,2.19E-05,2.53746E-05,4.06E-05
5.6025,6.80E-06,2.20E-05,2.58169E-05,4.25E-05
5.6075,6.45E-06,2.13E-05,2.48315E-05,3.96E-05
5.6125,6.74E-06,1.99E-05,2.42093E-05,4.13E-05
5.6175,6.58E-06,1.98E-05,2.39683E-05,4.05E-05
5.6225,6.62E-06,2.06E-05,2.3946E-05,3.95E-05
5.6275,6.36E-06,2.16E-05,2.3596E-05,3.99E-05
5.6325,6.23E-06,2.12E-05,2.41615E-05,4.23E-05
5.6375,6.57E-06,2.22E-05,2.49843E-05,4.14E-05
5.6425,6.60E-06,2.26E-05,2.39628E-05,4.15E-05
5.6475,6.80E-06,2.32E-05,2.43019E-05,3.93E-05
5.6525,7.15E-06,2.39E-05,2.58215E-05,4.10E-05
5.6575,7.33E-06,2.36E-05,2.59665E-05,3.92E-05
5.6625,6.83E-06,2.21E-05,2.54543E-05,4.27E-05
5.6675,6.56E-06,2.22E-05,2.52827E-05,3.94E-05
5.6725,6.37E-06,2.23E-05,2.5047E-05,3.98E-05
5.6775,6.98E-06,2.21E-05,2.47914E-05,4.24E-05
5.6825,6.83E-06,2.32E-05,2.4369E-05,3.99E-05
5.6875,7.35E-06,2.36E-05,2.35899E-05,4.09E-05
5.6925,6.99E-06,2.33E-05,2.34863E-05,3.94E-05
5.6975,6.97E-06,2.20E-05,2.44139E-05,4.12E-05
5.7025,6.78E-06,2.24E-05,2.42435E-05,4.07E-05
5.7075,6.69E-06,2.36E-05,2.45759E-05,4.37E-05
5.7125,7.45E-06,2.43E-05,2.49278E-05,4.21E-05
5.7175,7.00E-06,2.41E-05,2.64924E-05,4.04E-05
5.7225,6.91E-06,2.37E-05,2.55414E-05,4.10E-05
5.7275,6.87E-06,2.29E-05,2.62357E-05,4.26E-05
5.7325,6.98E-06,2.30E-05,2.60586E-05,4.14E-05
5.7375,6.73E-06,2.23E-05,2.62546E-05,4.16E-05
5.7425,6.61E-06,2.23E-05,2.49457E-05,3.99E-05
5.7475,6.58E-06,2.09E-05,2.50181E-05,4.28E-05
5.7525,6.59E-06,2.11E-05,2.43848E-05,4.01E-05
5.7575,6.66E-06,2.18E-05,2.56436E-05,4.20E-05
5.7625,6.42E-06,2.26E-05,2.64292E-05,4.00E-05
5.7675,6.42E-06,2.37E-05,2.54967E-05,3.95E-05
5.7725,6.70E-06,2.36E-05,2.42864E-05,4.12E-05
5.7775,6.80E-06,2.43E-05,2.27501E-05,4.16E-05
5.7825,6.67E-06,2.47E-05,2.25554E-05,4.13E-05
5.7875,6.98E-06,2.51E-05,2.33003E-05,4.26E-05
5.7925,7.17E-06,2.44E-05,2.31337E-05,3.97E-05
5.7975,6.86E-06,2.18E-05,2.30513E-05,3.81E-05
5.8025,6.68E-06,2.15E-05,2.40377E-05,4.04E-05
5.8075,6.44E-06,2.15E-05,2.474E-05,3.97E-05
5.8125,6.34E-06,2.25E-05,2.49282E-05,3.91E-05
5.8175,6.70E-06,2.37E-05,2.64009E-05,3.93E-05
5.8225,7.06E-06,2.32E-05,2.60975E-05,4.18E-05
5.8275,6.95E-06,2.38E-05,2.5831E-05,4.10E-05
5.8325,6.90E-06,2.44E-05,2.59801E-05,4.06E-05
5.8375,6.42E-06,2.38E-05,2.58033E-05,4.09E-05
5.8425,6.83E-06,2.37E-05,2.52837E-05,3.99E-05
5.8475,6.82E-06,2.40E-05,2.51366E-05,3.93E-05
5.8525,6.42E-06,2.37E-05,2.49232E-05,3.98E-05
5.8575,6.21E-06,2.43E-05,2.50311E-05,4.13E-05
5.8625,6.72E-06,2.50E-05,2.53315E-05,4.02E-05
5.8675,6.84E-06,2.55E-05,2.47451E-05,3.99E-05
5.8725,7.65E-06,2.55E-05,2.46257E-05,4.06E-05
5.8775,7.56E-06,2.54E-05,2.46981E-05,4.18E-05
5.8825,7.24E-06,2.50E-05,2.41533E-05,4.24E-05
5.8875,6.82E-06,2.41E-05,2.4855E-05,3.90E-05
5.8925,6.84E-06,2.54E-05,2.47465E-05,4.16E-05
5.8975,6.68E-06,2.53E-05,2.49908E-05,4.19E-05
5.9025,6.95E-06,2.58E-05,2.55194E-05,4.21E-05
5.9075,7.48E-06,2.51E-05,2.51225E-05,4.07E-05
5.9125,6.85E-06,2.37E-05,2.48447E-05,4.03E-05
5.9175,6.67E-06,2.35E-05,2.53819E-05,4.09E-05
5.9225,6.37E-06,2.32E-05,2.63786E-05,3.97E-05
5.9275,6.58E-06,2.29E-05,2.67794E-05,4.08E-05
5.9325,6.51E-06,2.33E-05,2.63377E-05,4.18E-05
5.9375,6.25E-06,2.33E-05,2.45713E-05,4.10E-05
5.9425,6.37E-06,2.42E-05,2.43741E-05,4.12E-05
5.9475,6.58E-06,2.42E-05,2.44267E-05,4.14E-05
5.9525,6.96E-06,2.43E-05,2.3612E-05,4.03E-05
5.9575,6.82E-06,2.38E-05,2.42276E-05,4.04E-05
5.9625,6.71E-06,2.42E-05,2.56161E-05,4.11E-05
5.9675,6.79E-06,2.44E-05,2.57302E-05,4.02E-05
5.9725,6.60E-06,2.46E-05,2.50693E-05,3.97E-05
5.9775,7.14E-06,2.47E-05,2.40824E-05,4.12E-05
5.9825,7.20E-06,2.38E-05,2.46252E-05,4.02E-05
5.9875,6.96E-06,2.39E-05,2.47224E-05,4.18E-05
5.9925,6.40E-06,2.31E-05,2.49052E-05,3.97E-05
5.9975,6.61E-06,2.33E-05,2.5144E-05,4.14E-05
6.0025,6.47E-06,2.28E-05,2.56008E-05,4.19E-05
6.0075,6.47E-06,2.26E-05,2.49037E-05,4.04E-05
6.0125,6.33E-06,2.36E-05,2.45623E-05,4.07E-05
6.0175,6.61E-06,2.33E-05,2.47404E-05,4.05E-05
6.0225,6.47E-06,2.44E-05,2.57638E-05,4.00E-05
6.0275,6.87E-06,2.38E-05,2.56081E-05,4.01E-05
6.0325,6.50E-06,2.24E-05,2.50684E-05,4.23E-05
6.0375,5.80E-06,2.20E-05,2.44118E-05,4.04E-05
6.0425,5.87E-06,2.25E-05,2.37251E-05,4.09E-05
6.0475,5.95E-06,2.20E-05,2.39397E-05,4.12E-05
6.0525,6.41E-06,2.26E-05,2.3455E-05,4.11E-05
6.0575,6.64E-06,2.33E-05,2.3597E-05,4.01E-05
6.0625,6.52E-06,2.34E-05,2.3322E-05,4.03E-05
6.0675,6.56E-06,2.42E-05,2.35221E-05,3.97E-05
6.0725,6.72E-06,2.38E-05,2.34025E-05,4.04E-05
6.0775,6.10E-06,2.27E-05,2.41479E-05,4.17E-05
6.0825,6.06E-06,2.18E-05,2.39787E-05,4.09E-05
6.0875,5.71E-06,2.24E-05,2.3997E-05,3.95E-05
6.0925,6.03E-06,2.44E-05,2.505E-05,3.97E-05
6.0975,6.30E-06,2.52E-05,2.43336E-05,4.07E-05
6.1025,6.62E-06,2.43E-05,2.44225E-05,3.88E-05
6.1075,6.27E-06,2.46E-05,2.36965E-05,4.06E-05
6.1125,6.71E-06,2.45E-05,2.4026E-05,3.95E-05
6.1175,6.47E-06,2.44E-05,2.38938E-05,3.91E-05
6.1225,6.28E-06,2.29E-05,2.43248E-05,4.01E-05
6.1275,6.51E-06,2.35E-05,2.30895E-05,4.20E-05
6.1325,6.25E-06,2.41E-05,2.37332E-05,4.02E-05
6.1375,6.27E-06,2.59E-05,2.37366E-05,4.02E-05
6.1425,6.76E-06,2.55E-05,2.42429E-05,4.09E-05
6.1475,6.74E-06,2.49E-05,2.39E-05,4.10E-05
6.1525,6.60E-06,2.39E-05,2.39305E-05,4.07E-05
6.1575,6.65E-06,2.29E-05,2.44561E-05,3.96E-05
6.1625,5.77E-06,2.23E-05,2.38205E-05,4.07E-05
6.1675,6.22E-06,2.26E-05,2.40744E-05,4.05E-05
6.1725,6.48E-06,2.32E-05,2.36562E-05,4.17E-05
6.1775,6.26E-06,2.35E-05,2.42373E-05,4.03E-05
6.1825,6.18E-06,2.21E-05,2.46981E-05,3.97E-05
6.1875,6.33E-06,2.28E-05,2.47123E-05,4.00E-05
6.1925,6.20E-06,2.40E-05,2.47362E-05,4.22E-05
6.1975,6.35E-06,2.36E-05,2.42687E-05,4.17E-05
6.2025,6.31E-06,2.29E-05,2.47106E-05,4.14E-05
6.2075,6.27E-06,2.34E-05,2.48028E-05,4.11E-05
6.2125,6.16E-06,2.39E-05,2.52367E-05,4.14E-05
6.2175,6.35E-06,2.44E-05,2.53911E-05,4.30E-05
6.2225,5.92E-06,2.32E-05,2.58679E-05,4.11E-05
6.2275,6.16E-06,2.22E-05,2.62756E-05,4.30E-05
6.2325,6.06E-06,2.26E-05,2.53129E-05,3.99E-05
6.2375,6.03E-06,2.33E-05,2.39622E-05,3.81E-05
6.2425,6.21E-06,2.32E-05,2.43413E-05,3.83E-05
6.2475,6.44E-06,2.27E-05,2.37588E-05,4.07E-05
6.2525,6.24E-06,2.22E-05,2.39227E-05,4.19E-05
6.2575,5.86E-06,2.16E-05,2.41798E-05,4.20E-05
6.2625,6.17E-06,2.18E-05,2.52275E-05,3.99E-05
6.2675,5.63E-06,2.19E-05,2.47247E-05,4.12E-05
6.2725,5.82E-06,2.32E-05,2.48418E-05,3.96E-05
6.2775,5.68E-06,2.40E-05,2.42335E-05,4.04E-05
6.2825,6.07E-06,2.44E-05,2.57189E-05,4.19E-05
6.2875,6.27E-06,2.37E-05,2.60118E-05,4.02E-05
6.2925,6.26E-06,2.32E-05,2.55393E-05,3.96E-05
6.2975,6.27E-06,2.32E-05,2.40948E-05,4.25E-05
6.3025,6.14E-06,2.27E-05,2.40751E-05,4.08E-05
6.3075,5.77E-06,2.33E-05,2.5248E-05,3.98E-05
6.3125,5.70E-06,2.31E-05,2.41949E-05,3.95E-05
6.3175,6.07E-06,2.34E-05,2.34858E-05,4.06E-05
6.3225,6.22E-06,2.34E-05,2.32613E-05,4.17E-05
6.3275,6.48E-06,2.34E-05,2.31692E-05,4.01E-05
6.3325,6.04E-06,2.34E-05,2.33411E-05,3.88E-05
6.3375,5.98E-06,2.29E-05,2.42857E-05,3.95E-05
6.3425,6.03E-06,2.33E-05,2.48128E-05,4.28E-05
6.3475,6.10E-06,2.33E-05,2.41649E-05,4.09E-05
6.3525,6.28E-06,2.36E-05,2.48999E-05,3.97E-05
6.3575,6.12E-06,2.41E-05,2.3753E-05,3.98E-05
6.3625,6.32E-06,2.30E-05,2.42857E-05,4.03E-05
6.3675,5.89E-06,2.29E-05,2.32491E-05,4.18E-05
6.3725,5.95E-06,2.21E-05,2.30592E-05,4.08E-05
6.3775,5.87E-06,2.29E-05,2.37699E-05,4.12E-05
6.3825,5.83E-06,2.39E-05,2.53618E-05,4.03E-05
6.3875,6.07E-06,2.46E-05,2.55538E-05,4.17E-05
6.3925,6.13E-06,2.50E-05,2.6147E-05,4.21E-05
6.3975,6.06E-06,2.42E-05,2.50737E-05,4.14E-05
6.4025,6.22E-06,2.51E-05,2.38105E-05,4.02E-05
6.4075,6.15E-06,2.56E-05,2.36004E-05,4.00E-05
6.4125,6.49E-06,2.45E-05,2.33809E-05,4.01E-05
6.4175,6.45E-06,2.35E-05,2.31488E-05,4.06E-05
6.4225,5.88E-06,2.35E-05,2.35494E-05,4.19E-05
6.4275,5.79E-06,2.40E-05,2.40786E-05,4.03E-05
6.4325,6.09E-06,2.45E-05,2.50619E-05,4.01E-05
6.4375,6.20E-06,2.39E-05,2.50926E-05,4.20E-05
6.4425,6.19E-06,2.22E-05,2.55049E-05,3.98E-05
6.4475,5.68E-06,2.23E-05,2.4884E-05,3.91E-05
6.4525,5.89E-06,2.24E-05,2.45333E-05,4.23E-05
6.4575,5.80E-06,2.35E-05,2.31816E-05,4.14E-05
6.4625,5.80E-06,2.39E-05,2.35035E-05,4.01E-05
6.4675,6.27E-06,2.50E-05,2.53433E-05,4.11E-05
6.4725,6.36E-06,2.59E-05,2.75646E-05,4.08E-05
6.4775,6.35E-06,2.47E-05,2.83891E-05,3.89E-05
6.4825,6.10E-06,2.34E-05,2.82879E-05,4.32E-05
6.4875,5.66E-06,2.30E-05,2.79898E-05,4.07E-05
6.4925,5.97E-06,2.25E-05,2.666E-05,3.95E-05
6.4975,5.62E-06,2.28E-05,2.48047E-05,4.06E-05
6.5025,5.81E-06,2.19E-05,2.3229E-05,4.05E-05
6.5075,5.69E-06,2.23E-05,2.28024E-05,4.13E-05
6.5125,5.47E-06,2.30E-05,2.33113E-05,4.23E-05
6.5175,5.74E-06,2.33E-05,2.23741E-05,3.98E-05
6.5225,5.55E-06,2.48E-05,2.27418E-05,4.12E-05
6.5275,5.91E-06,2.52E-05,2.27686E-05,4.11E-05
6.5325,5.86E-06,2.38E-05,2.31186E-05,3.87E-05
6.5375,6.06E-06,2.32E-05,2.41374E-05,3.76E-05
6.5425,5.59E-06,2.25E-05,2.30003E-05,4.06E-05
6.5475,5.38E-06,2.24E-05,2.33165E-05,4.08E-05
6.5525,5.36E-06,2.17E-05,2.37676E-05,4.01E-05
6.5575,5.30E-06,2.24E-05,2.45468E-05,4.14E-05
6.5625,5.64E-06,2.29E-05,2.48949E-05,3.99E-05
6.5675,5.84E-06,2.31E-05,2.38323E-05,4.17E-05
6.5725,6.42E-06,2.35E-05,2.38751E-05,4.20E-05
6.5775,5.86E-06,2.39E-05,2.35979E-05,3.92E-05
6.5825,5.90E-06,2.43E-05,2.27638E-05,4.06E-05
6.5875,6.42E-06,2.35E-05,2.23676E-05,3.96E-05
6.5925,6.17E-06,2.42E-05,2.25464E-05,3.98E-05
6.5975,5.89E-06,2.41E-05,2.28429E-05,4.12E-05
6.6025,6.02E-06,2.35E-05,2.30456E-05,3.96E-05
6.6075,5.76E-06,2.31E-05,2.36279E-05,3.90E-05
6.6125,5.72E-06,2.28E-05,2.39105E-05,4.14E-05
6.6175,5.47E-06,2.33E-05,2.50915E-05,4.00E-05
6.6225,5.53E-06,2.24E-05,2.46842E-05,4.26E-05
6.6275,5.50E-06,2.26E-05,2.32903E-05,4.06E-05
6.6325,5.71E-06,2.22E-05,2.45203E-05,4.15E-05
6.6375,5.61E-06,2.22E-05,2.50577E-05,3.99E-05
6.6425,5.29E-06,2.23E-05,2.65066E-05,3.84E-05
6.6475,5.50E-06,2.28E-05,2.62735E-05,4.13E-05
6.6525,5.36E-06,2.39E-05,2.41516E-05,4.06E-05
6.6575,5.77E-06,2.37E-05,2.37597E-05,4.16E-05
6.6625,5.81E-06,2.31E-05,2.32745E-05,4.19E-05
6.6675,5.50E-06,2.33E-05,2.31789E-05,3.94E-05
6.6725,5.53E-06,2.45E-05,2.27741E-05,4.09E-05
6.6775,5.70E-06,2.46E-05,2.247E-05,3.99E-05
6.6825,5.96E-06,2.47E-05,2.2747E-05,4.06E-05
6.6875,6.00E-06,2.47E-05,2.35765E-05,3.77E-05
6.6925,6.07E-06,2.38E-05,2.43667E-05,4.05E-05
6.6975,5.90E-06,2.34E-05,2.4483E-05,3.88E-05
6.7025,5.57E-06,2.36E-05,2.54856E-05,3.90E-05
6.7075,5.79E-06,2.38E-05,2.67652E-05,4.07E-05
6.7125,5.61E-06,2.24E-05,2.79472E-05,3.95E-05
6.7175,5.24E-06,2.21E-05,2.80359E-05,3.93E-05
6.7225,5.12E-06,2.13E-05,2.65467E-05,4.07E-05
6.7275,5.26E-06,2.21E-05,2.41999E-05,3.95E-05
6.7325,5.22E-06,2.19E-05,2.48577E-05,4.13E-05
6.7375,5.47E-06,2.27E-05,2.43109E-05,3.95E-05
6.7425,5.46E-06,2.31E-05,2.41489E-05,4.16E-05
6.7475,6.10E-06,2.30E-05,2.48433E-05,4.03E-05
6.7525,5.56E-06,2.31E-05,2.55477E-05,4.07E-05
6.7575,5.40E-06,2.39E-05,2.5128E-05,3.85E-05
6.7625,5.94E-06,2.47E-05,2.36464E-05,3.80E-05
6.7675,6.34E-06,2.41E-05,2.42796E-05,3.86E-05
6.7725,5.67E-06,2.34E-05,2.41796E-05,4.22E-05
6.7775,5.93E-06,2.39E-05,2.38126E-05,4.13E-05
6.7825,5.70E-06,2.31E-05,2.48376E-05,4.01E-05
6.7875,5.52E-06,2.34E-05,2.54425E-05,3.81E-05
6.7925,5.62E-06,2.28E-05,2.57355E-05,3.90E-05
6.7975,5.47E-06,2.30E-05,2.50111E-05,3.79E-05
6.8025,5.95E-06,2.19E-05,2.55214E-05,4.06E-05
6.8075,5.48E-06,2.23E-05,2.58692E-05,3.93E-05
6.8125,5.69E-06,2.16E-05,2.52508E-05,4.08E-05
6.8175,5.06E-06,2.11E-05,2.47E-05,4.09E-05
6.8225,4.93E-06,2.23E-05,2.38512E-05,4.15E-05
6.8275,5.22E-06,2.31E-05,2.35811E-05,3.95E-05
6.8325,5.65E-06,2.33E-05,2.43655E-05,3.92E-05
6.8375,5.22E-06,2.41E-05,2.40293E-05,3.88E-05
6.8425,5.32E-06,2.32E-05,2.44572E-05,4.00E-05
6.8475,5.50E-06,2.30E-05,2.36229E-05,4.06E-05
6.8525,5.13E-06,2.19E-05,2.2627E-05,3.99E-05
6.8575,5.20E-06,2.21E-05,2.18642E-05,3.84E-05
6.8625,5.23E-06,2.34E-05,2.18346E-05,4.03E-05
6.8675,5.79E-06,2.39E-05,2.18795E-05,3.78E-05
6.8725,5.62E-06,2.37E-05,2.23053E-05,3.93E-05
6.8775,5.58E-06,2.52E-05,2.22558E-05,3.90E-05
6.8825,6.04E-06,2.45E-05,2.37276E-05,3.84E-05
6.8875,5.64E-06,2.41E-05,2.40757E-05,4.02E-05
6.8925,5.35E-06,2.28E-05,2.34399E-05,3.90E-05
6.8975,5.38E-06,2.22E-05,2.34846E-05,3.74E-05
6.9025,5.39E-06,2.26E-05,2.35484E-05,4.14E-05
6.9075,4.94E-06,2.14E-05,2.48258E-05,4.06E-05
6.9125,4.97E-06,2.24E-05,2.65457E-05,3.97E-05
6.9175,5.32E-06,2.30E-05,2.81723E-05,3.86E-05
6.9225,5.60E-06,2.26E-05,2.82097E-05,3.90E-05
6.9275,5.48E-06,2.24E-05,2.78662E-05,3.82E-05
6.9325,5.16E-06,2.36E-05,2.67288E-05,4.18E-05
6.9375,5.40E-06,2.45E-05,2.50346E-05,4.01E-05
6.9425,5.63E-06,2.50E-05,2.34176E-05,3.92E-05
6.9475,5.78E-06,2.52E-05,2.2051E-05,4.08E-05
6.9525,6.11E-06,2.48E-05,2.25221E-05,3.89E-05
6.9575,5.39E-06,2.42E-05,2.3668E-05,3.86E-05
6.9625,5.41E-06,2.27E-05,2.44547E-05,4.01E-05
6.9675,5.87E-06,2.38E-05,2.44796E-05,3.94E-05
6.9725,5.38E-06,2.28E-05,2.46339E-05,4.12E-05
6.9775,5.31E-06,2.17E-05,2.54698E-05,4.03E-05
6.9825,4.78E-06,2.17E-05,2.4044E-05,3.95E-05
6.9875,5.16E-06,2.29E-05,2.27991E-05,4.01E-05
6.9925,5.59E-06,2.51E-05,2.21045E-05,3.96E-05
6.9975,5.81E-06,2.41E-05,2.23704E-05,4.07E-05
7.0025,5.50E-06,2.30E-05,2.29871E-05,3.95E-05
7.0075,5.16E-06,2.29E-05,2.37225E-05,4.00E-05
7.0125,5.28E-06,2.25E-05,2.38453E-05,4.05E-05
7.0175,5.11E-06,2.43E-05,2.57831E-05,4.21E-05
7.0225,5.61E-06,2.55E-05,2.47381E-05,3.90E-05
7.0275,5.72E-06,2.48E-05,2.38302E-05,3.93E-05
7.0325,5.97E-06,2.42E-05,2.17094E-05,4.20E-05
7.0375,5.50E-06,2.33E-05,2.19488E-05,3.90E-05
7.0425,5.31E-06,2.45E-05,2.22615E-05,3.87E-05
7.0475,5.54E-06,2.50E-05,2.325E-05,3.83E-05
7.0525,5.37E-06,2.49E-05,2.45105E-05,3.89E-05
7.0575,5.41E-06,2.38E-05,2.58116E-05,3.80E-05
7.0625,5.11E-06,2.32E-05,2.637E-05,4.01E-05
7.0675,5.29E-06,2.20E-05,2.64401E-05,3.83E-05
7.0725,4.94E-06,2.15E-05,2.55452E-05,3.74E-05
7.0775,4.88E-06,2.14E-05,2.51979E-05,4.05E-05
7.0825,4.93E-06,2.12E-05,2.4897E-05,3.83E-05
7.0875,5.14E-06,2.15E-05,2.39007E-05,3.91E-05
7.0925,4.82E-06,2.25E-05,2.508E-05,3.93E-05
7.0975,5.20E-06,2.47E-05,2.62666E-05,4.01E-05
7.1025,5.57E-06,2.74E-05,2.52699E-05,4.03E-05
7.1075,5.97E-06,2.66E-05,2.44553E-05,3.83E-05
7.1125,5.53E-06,2.54E-05,2.4825E-05,3.86E-05
7.1175,5.74E-06,2.31E-05,2.55582E-05,3.83E-05
7.1225,5.08E-06,2.13E-05,2.62817E-05,3.84E-05
7.1275,5.02E-06,2.17E-05,2.56841E-05,4.00E-05
7.1325,4.98E-06,2.14E-05,2.40805E-05,3.98E-05
7.1375,4.74E-06,2.17E-05,2.29713E-05,3.90E-05
7.1425,4.87E-06,2.26E-05,2.23653E-05,3.76E-05
7.1475,4.97E-06,2.30E-05,2.31902E-05,3.85E-05
7.1525,5.38E-06,2.36E-05,2.40045E-05,3.82E-05
7.1575,5.09E-06,2.37E-05,2.32821E-05,3.99E-05
7.1625,5.20E-06,2.29E-05,2.28542E-05,3.90E-05
7.1675,4.99E-06,2.34E-05,2.23819E-05,4.06E-05
7.1725,5.29E-06,2.25E-05,2.27881E-05,3.83E-05
7.1775,5.23E-06,2.55E-05,2.31702E-05,3.86E-05
7.1825,5.44E-06,2.78E-05,2.47279E-05,4.15E-05
7.1875,5.86E-06,2.84E-05,2.48023E-05,3.74E-05
7.1925,5.73E-06,2.66E-05,2.57231E-05,3.80E-05
7.1975,5.71E-06,2.47E-05,2.59048E-05,3.80E-05
7.2025,5.45E-06,2.31E-05,2.63545E-05,3.95E-05
7.2075,5.19E-06,2.25E-05,2.60181E-05,3.83E-05
7.2125,4.94E-06,2.20E-05,2.50485E-05,4.00E-05
7.2175,4.90E-06,2.21E-05,2.3579E-05,4.03E-05
7.2225,4.87E-06,2.16E-05,2.40625E-05,3.97E-05
7.2275,4.97E-06,2.16E-05,2.31551E-05,3.88E-05
7.2325,4.88E-06,2.08E-05,2.3297E-05,3.78E-05
7.2375,4.63E-06,2.19E-05,2.29562E-05,3.69E-05
7.2425,4.82E-06,2.26E-05,2.34223E-05,3.86E-05
7.2475,5.19E-06,2.28E-05,2.3516E-05,3.87E-05
7.2525,4.86E-06,2.26E-05,2.32279E-05,3.87E-05
7.2575,5.03E-06,2.25E-05,2.2964E-05,3.95E-05
7.2625,4.94E-06,2.32E-05,2.31207E-05,3.94E-05
7.2675,5.07E-06,2.40E-05,2.37133E-05,3.84E-05
7.2725,5.04E-06,2.27E-05,2.3373E-05,3.92E-05
7.2775,4.76E-06,2.20E-05,2.24215E-05,3.89E-05
7.2825,4.75E-06,2.24E-05,2.30899E-05,3.90E-05
7.2875,4.97E-06,2.22E-05,2.39582E-05,3.96E-05
7.2925,5.20E-06,2.35E-05,2.42599E-05,3.92E-05
7.2975,5.62E-06,2.39E-05,2.62672E-05,3.96E-05
