%,,,H2,CH4,CO,CO2,H2,CH4,CO,CO2,H2,CH4,CO,CO2,H2,CH4,CO,CO2,H2,CH4,CO,CO2,H2,CH4,CO,CO2,H2,CH4,CO,CO2,H2,CH4,CO,CO2,H2,CH4,CO,CO2,H2,CH4,CO,CO2,H2,CH4,CO,CO2,H2,CH4,CO,CO2,H2,CH4,CO,CO2,H2,CH4,CO,CO2,H2,CH4,CO,CO2,H2,CH4,CO,CO2,H2,CH4,CO,CO2,H2,CH4,CO,CO2,H2,CH4,CO,CO2,H2,CH4,CO,CO2,H2,CH4,CO,CO2,H2,CH4,CO,CO2,H2,CH4,CO,CO2,H2,CH4,CO,CO2,H2,CH4,CO,CO2,H2,CH4,CO,CO2,H2,CH4,CO,CO2,H2,CH4,CO,CO2,H2,CH4,CO,CO2,H2,CH4,CO,CO2,H2,CH4,CO,CO2,H2,CH4,CO,CO2,H2,CH4,CO,CO2,H2,CH4,CO,CO2,H2,CH4,CO,CO2,H2,CH4,CO,CO2,H2,CH4,CO,CO2,H2,CH4,CO,CO2,H2,CH4,CO,CO2,H2,CH4,CO,CO2,H2,CH4,CO,CO2,H2,CH4,CO,CO2,H2,CH4,CO,CO2,H2,CH4,CO,CO2,H2,CH4,CO,CO2,H2,CH4,CO,CO2,H2,CH4,CO,CO2,H2,CH4,CO,CO2,H2,CH4,CO,CO2,H2,CH4,CO,CO2,H2,CH4,CO,CO2,H2,CH4,CO,CO2,H2,CH4,CO,CO2,H2,CH4,CO,CO2,H2,CH4,CO,CO2,H2,CH4,CO,CO2,H2,CH4,CO,CO2
in_Segment = [,,%,2,0,0,0,3,0,0,0,4,0,0,0,5,0,0,0,6,0,0,0,7,0,0,0,8,0,0,0,9,0,0,0,10,0,0,0,11,0,0,0,12,0,0,0,13,0,0,0,14,0,0,0,15,0,0,0,16,0,0,0,17,0,0,0,18,0,0,0,19,0,0,0,20,0,0,0,21,0,0,0,22,0,0,0,23,0,0,0,24,0,0,0,25,0,0,0,26,0,0,0,27,0,0,0,28,0,0,0,29,0,0,0,30,0,0,0,31,0,0,0,32,0,0,0,33,0,0,0,34,0,0,0,35,0,0,0,36,0,0,0,37,0,0,0,38,0,0,0,39,0,0,0,40,0,0,0,41,0,0,0,42,0,0,0,43,0,0,0,44,0,0,0,45,0,0,0,46,0,0,0,47,0,0,0,48,0,0,0,49,0,0,0,50,0,0,0,51,0,0,0,52,0,0,0,53,0,0,0,54,0,0,0,55,0,0,0,56,0,0,0,57,0,0,0,58,0,0,0
in_d = [,[mm],%,63,0,0,0,63,0,0,0,44.3,0,0,0,44.3,0,0,0,72.1,0,0,0,72.1,0,0,0,45.1,0,0,0,72.1,0,0,0,58,0,0,0,12,0,0,0,12,0,0,0,12,0,0,0,12,0,0,0,12,0,0,0,12,0,0,0,12,0,0,0,12,0,0,0,12,0,0,0,12,0,0,0,12,0,0,0,12,0,0,0,12,0,0,0,12,0,0,0,12,0,0,0,12,0,0,0,12,0,0,0,12,0,0,0,54,0,0,0,54,0,0,0,63.42,0,0,0,82.26,0,0,0,101.09,0,0,0,50,0,0,0,66.63,0,0,0,99.89,0,0,0,133.14,0,0,0,166.4,0,0,0,199.66,0,0,0,232.91,0,0,0,266.17,0,0,0,299.43,0,0,0,332.68,0,0,0,365.94,0,0,0,367.34,0,0,0,336.88,0,0,0,306.43,0,0,0,275.97,0,0,0,245.52,0,0,0,215.06,0,0,0,184.61,0,0,0,154.15,0,0,0,123.7,0,0,0,93.24,0,0,0,78,0,0,0,44.3,0,0,0,63,0,0,0,63,0,0,0
in_L = [,[mm],%,200,0,0,0,656,0,0,0,1087.9,0,0,0,116.1,0,0,0,6385,0,0,0,6385,0,0,0,4040,0,0,0,2069,0,0,0,863,0,0,0,15,0,0,0,50,0,0,0,15,0,0,0,37,0,0,0,600,0,0,0,120,0,0,0,15,0,0,0,35,0,0,0,15,0,0,0,35,0,0,0,15,0,0,0,35,0,0,0,15,0,0,0,35,0,0,0,15,0,0,0,35,0,0,0,15,0,0,0,35,0,0,0,100,0,0,0,221,0,0,0,376.67,0,0,0,376.67,0,0,0,376.67,0,0,0,290,0,0,0,1662.78,0,0,0,1662.78,0,0,0,1662.78,0,0,0,1662.78,0,0,0,1662.78,0,0,0,1662.78,0,0,0,1662.78,0,0,0,1662.78,0,0,0,1662.78,0,0,0,1662.78,0,0,0,56.83,0,0,0,56.83,0,0,0,56.83,0,0,0,56.83,0,0,0,56.83,0,0,0,56.83,0,0,0,56.83,0,0,0,56.83,0,0,0,56.83,0,0,0,56.83,0,0,0,540,0,0,0,1087.9,0,0,0,656,0,0,0,200,0,0,0
in_dist_ref = [,[mm],%,-22180,0,0,0,-21980,0,0,0,-21324,0,0,0,-20236.1,0,0,0,-20120,0,0,0,-13735,0,0,0,-7350,0,0,0,-3310,0,0,0,-1241,0,0,0,-378,0,0,0,-363,0,0,0,-313,0,0,0,-298,0,0,0,-261,0,0,0,339,0,0,0,459,0,0,0,474,0,0,0,509,0,0,0,524,0,0,0,559,0,0,0,574,0,0,0,609,0,0,0,624,0,0,0,659,0,0,0,674,0,0,0,709,0,0,0,724,0,0,0,759,0,0,0,859,0,0,0,1080,0,0,0,1456.67,0,0,0,1833.33,0,0,0,2210,0,0,0,2500,0,0,0,4162.78,0,0,0,5825.56,0,0,0,7488.34,0,0,0,9151.12,0,0,0,10813.9,0,0,0,12476.68,0,0,0,14139.46,0,0,0,15802.24,0,0,0,17465.02,0,0,0,19127.8,0,0,0,19184.63,0,0,0,19241.46,0,0,0,19298.29,0,0,0,19355.12,0,0,0,19411.95,0,0,0,19468.78,0,0,0,19525.61,0,0,0,19582.44,0,0,0,19639.27,0,0,0,19696.1,0,0,0,20236.1,0,0,0,21324,0,0,0,21980,0,0,0
in_T = [,[K],%,300,0,0,0,300,0,0,0,300,0,0,0,300,0,0,0,300,0,0,0,300,0,0,0,300,0,0,0,300,0,0,0,300,0,0,0,300,0,0,0,300,0,0,0,300,0,0,0,300,0,0,0,300,0,0,0,300,0,0,0,300,0,0,0,300,0,0,0,300,0,0,0,300,0,0,0,300,0,0,0,300,0,0,0,300,0,0,0,300,0,0,0,300,0,0,0,300,0,0,0,300,0,0,0,300,0,0,0,300,0,0,0,300,0,0,0,300,0,0,0,300,0,0,0,300,0,0,0,300,0,0,0,300,0,0,0,300,0,0,0,300,0,0,0,300,0,0,0,300,0,0,0,300,0,0,0,300,0,0,0,300,0,0,0,300,0,0,0,300,0,0,0,300,0,0,0,300,0,0,0,300,0,0,0,300,0,0,0,300,0,0,0,300,0,0,0,300,0,0,0,300,0,0,0,300,0,0,0,300,0,0,0,300,0,0,0,300,0,0,0,300,0,0,0,300,0,0,0
in_S = [,[l/s] (H2),%,0,0,0,0,51.05,0,0,0,0,0,0,0,0,0,0,0,0,0,0,0,0,0,0,0,0,0,0,0,0,0,0,0,0,0,0,0,2446.3,0,0,0,0,0,0,0,0,0,0,0,0,0,0,0,0,0,0,0,0,0,0,0,0,0,0,0,0,0,0,0,0,0,0,0,0,0,0,0,0,0,0,0,0,0,0,0,0,0,0,0,0,0,0,0,0,0,0,0,0,0,0,0,0,0,0,0,0,0,0,0,0,0,0,0,0,0,0,0,0,0,0,0,0,0,0,0,0,0,0,0,0,0,0,0,0,0,0,0,0,0,0,0,0,0,0,0,0,0,0,0,0,0,0,0,0,0,0,0,0,0,0,0,0,0,0,0,0,0,0,0,0,0,0,0,0,0,0,0,0,0,0,0,0,0,0,0,0,0,0,0,0,0,0,0,0,0,0,0,0,0,0,0,0,0,0,0,25,0,0,0,0,0,0,0,0,0,0,0,0,0,0,0,0,0,0,0,51.05,0,0,0
,[l/s] (CH4),%,0,0,0,0,0,24.46,0,0,0,0,0,0,0,0,0,0,0,0,0,0,0,0,0,0,0,0,0,0,0,0,0,0,0,0,0,0,0,1155.05,0,0,0,0,0,0,0,0,0,0,0,0,0,0,0,0,0,0,0,0,0,0,0,0,0,0,0,0,0,0,0,0,0,0,0,0,0,0,0,0,0,0,0,0,0,0,0,0,0,0,0,0,0,0,0,0,0,0,0,0,0,0,0,0,0,0,0,0,0,0,0,0,0,0,0,0,0,0,0,0,0,0,0,0,0,0,0,0,0,0,0,0,0,0,0,0,0,0,0,0,0,0,0,0,0,0,0,0,0,0,0,0,0,0,0,0,0,0,0,0,0,0,0,0,0,0,0,0,0,0,0,0,0,0,0,0,0,0,0,0,0,0,0,0,0,0,0,0,0,0,0,0,0,0,0,0,0,0,0,0,0,0,0,0,0,0,0,12,0,0,0,0,0,0,0,0,0,0,0,0,0,0,0,0,0,0,0,24.46,0,0
,[l/s] (CO),%,0,0,0,0,0,0,19.41,0,0,0,0,0,0,0,0,0,0,0,0,0,0,0,0,0,0,0,0,0,0,0,0,0,0,0,0,0,0,0,913.99,0,0,0,0,0,0,0,0,0,0,0,0,0,0,0,0,0,0,0,0,0,0,0,0,0,0,0,0,0,0,0,0,0,0,0,0,0,0,0,0,0,0,0,0,0,0,0,0,0,0,0,0,0,0,0,0,0,0,0,0,0,0,0,0,0,0,0,0,0,0,0,0,0,0,0,0,0,0,0,0,0,0,0,0,0,0,0,0,0,0,0,0,0,0,0,0,0,0,0,0,0,0,0,0,0,0,0,0,0,0,0,0,0,0,0,0,0,0,0,0,0,0,0,0,0,0,0,0,0,0,0,0,0,0,0,0,0,0,0,0,0,0,0,0,0,0,0,0,0,0,0,0,0,0,0,0,0,0,0,0,0,0,0,0,0,0,0,10,0,0,0,0,0,0,0,0,0,0,0,0,0,0,0,0,0,0,0,19.41,0
,[l/s] (CO2),%,0,0,0,0,0,0,0,17.17,0,0,0,0,0,0,0,0,0,0,0,0,0,0,0,0,0,0,0,0,0,0,0,0,0,0,0,0,0,0,0,803.38,0,0,0,0,0,0,0,0,0,0,0,0,0,0,0,0,0,0,0,0,0,0,0,0,0,0,0,0,0,0,0,0,0,0,0,0,0,0,0,0,0,0,0,0,0,0,0,0,0,0,0,0,0,0,0,0,0,0,0,0,0,0,0,0,0,0,0,0,0,0,0,0,0,0,0,0,0,0,0,0,0,0,0,0,0,0,0,0,0,0,0,0,0,0,0,0,0,0,0,0,0,0,0,0,0,0,0,0,0,0,0,0,0,0,0,0,0,0,0,0,0,0,0,0,0,0,0,0,0,0,0,0,0,0,0,0,0,0,0,0,0,0,0,0,0,0,0,0,0,0,0,0,0,0,0,0,0,0,0,0,0,0,0,0,0,0,0,9,0,0,0,0,0,0,0,0,0,0,0,0,0,0,0,0,0,0,0,17.17
in_g = [,[torrl/s],%,0,0,0,0,0,0,0,0,0,0,0,0,0,0,0,0,0,0,0,0,0,0,0,0,0,0,0,0,0,0,0,0,0,0,0,0,0,0,0,0,0,0,0,0,0,0,0,0,0,0,0,0,0,0,0,0,0,0,0,0,0,0,0,0,0,0,0,0,0,0,0,0,0,0,0,0,0,0,0,0,0,0,0,0,0,0,0,0,0,0,0,0,0,0,0,0,0,0,0,0,0,0,0,0,0,0,0,0,0,0,0,0,0,0,0,0,0,0,0,0,0,0,0,0,0,0,0,0,0,0,0,0,0,0,0,0,0,0,0,0,0,0,0,0,0,0,3.00E-08,0,0,0,0,0,0.00E+00,0,1.30E-07,0,0,0,0,0,0,0,0,0,0,0,0,0,0,0,0,0,0,0,0,0,0,0,0,0,0,0,0,0,0,0,0,0,0,0,0,0,0,0,0,0,0,0,0,0,0,0,0,0,0,0,0,0,0,0,0,0,0,0,0,0,0,0,0,0,0,0,0,0,0,0,0,0
in_sigma = [,,%,4.45E-23,0,0,0,4.45E-23,0,0,0,4.45E-23,0,0,0,4.45E-23,0,0,0,4.45E-23,0,0,0,4.45E-23,0,0,0,4.45E-23,0,0,0,4.45E-23,0,0,0,4.45E-23,0,0,0,4.45E-23,0,0,0,4.45E-23,0,0,0,4.45E-23,0,0,0,4.45E-23,0,0,0,4.45E-23,0,0,0,4.45E-23,0,0,0,4.45E-23,0,0,0,4.45E-23,0,0,0,4.45E-23,0,0,0,4.45E-23,0,0,0,4.45E-23,0,0,0,4.45E-23,0,0,0,4.45E-23,0,0,0,4.45E-23,0,0,0,4.45E-23,0,0,0,4.45E-23,0,0,0,4.45E-23,0,0,0,4.45E-23,0,0,0,4.45E-23,0,0,0,4.45E-23,0,0,0,4.45E-23,0,0,0,4.45E-23,0,0,0,4.45E-23,0,0,0,4.45E-23,0,0,0,4.45E-23,0,0,0,4.45E-23,0,0,0,4.45E-23,0,0,0,4.45E-23,0,0,0,4.45E-23,0,0,0,4.45E-23,0,0,0,4.45E-23,0,0,0,4.45E-23,0,0,0,4.45E-23,0,0,0,4.45E-23,0,0,0,4.45E-23,0,0,0,4.45E-23,0,0,0,4.45E-23,0,0,0,4.45E-23,0,0,0,4.45E-23,0,0,0,4.45E-23,0,0,0,4.45E-23,0,0,0,4.45E-23,0,0,0,4.45E-23,0,0,0,4.45E-23,0,0,0,4.45E-23,0,0,0,4.45E-23,0,0,0,4.45E-23,0,0,0,4.45E-23,0,0,0
,,%,0,3.18E-22,0,0,0,3.18E-22,0,0,0,3.18E-22,0,0,0,3.18E-22,0,0,0,3.18E-22,0,0,0,3.18E-22,0,0,0,3.18E-22,0,0,0,3.18E-22,0,0,0,3.18E-22,0,0,0,3.18E-22,0,0,0,3.18E-22,0,0,0,3.18E-22,0,0,0,3.18E-22,0,0,0,3.18E-22,0,0,0,3.18E-22,0,0,0,3.18E-22,0,0,0,3.18E-22,0,0,0,3.18E-22,0,0,0,3.18E-22,0,0,0,3.18E-22,0,0,0,3.18E-22,0,0,0,3.18E-22,0,0,0,3.18E-22,0,0,0,3.18E-22,0,0,0,3.18E-22,0,0,0,3.18E-22,0,0,0,3.18E-22,0,0,0,3.18E-22,0,0,0,3.18E-22,0,0,0,3.18E-22,0,0,0,3.18E-22,0,0,0,3.18E-22,0,0,0,3.18E-22,0,0,0,3.18E-22,0,0,0,3.18E-22,0,0,0,3.18E-22,0,0,0,3.18E-22,0,0,0,3.18E-22,0,0,0,3.18E-22,0,0,0,3.18E-22,0,0,0,3.18E-22,0,0,0,3.18E-22,0,0,0,3.18E-22,0,0,0,3.18E-22,0,0,0,3.18E-22,0,0,0,3.18E-22,0,0,0,3.18E-22,0,0,0,3.18E-22,0,0,0,3.18E-22,0,0,0,3.18E-22,0,0,0,3.18E-22,0,0,0,3.18E-22,0,0,0,3.18E-22,0,0,0,3.18E-22,0,0,0,3.18E-22,0,0,0,3.18E-22,0,0,0,3.18E-22,0,0
,,%,0,0,2.75E-22,0,0,0,2.75E-22,0,0,0,2.75E-22,0,0,0,2.75E-22,0,0,0,2.75E-22,0,0,0,2.75E-22,0,0,0,2.75E-22,0,0,0,2.75E-22,0,0,0,2.75E-22,0,0,0,2.75E-22,0,0,0,2.75E-22,0,0,0,2.75E-22,0,0,0,2.75E-22,0,0,0,2.75E-22,0,0,0,2.75E-22,0,0,0,2.75E-22,0,0,0,2.75E-22,0,0,0,2.75E-22,0,0,0,2.75E-22,0,0,0,2.75E-22,0,0,0,2.75E-22,0,0,0,2.75E-22,0,0,0,2.75E-22,0,0,0,2.75E-22,0,0,0,2.75E-22,0,0,0,2.75E-22,0,0,0,2.75E-22,0,0,0,2.75E-22,0,0,0,2.75E-22,0,0,0,2.75E-22,0,0,0,2.75E-22,0,0,0,2.75E-22,0,0,0,2.75E-22,0,0,0,2.75E-22,0,0,0,2.75E-22,0,0,0,2.75E-22,0,0,0,2.75E-22,0,0,0,2.75E-22,0,0,0,2.75E-22,0,0,0,2.75E-22,0,0,0,2.75E-22,0,0,0,2.75E-22,0,0,0,2.75E-22,0,0,0,2.75E-22,0,0,0,2.75E-22,0,0,0,2.75E-22,0,0,0,2.75E-22,0,0,0,2.75E-22,0,0,0,2.75E-22,0,0,0,2.75E-22,0,0,0,2.75E-22,0,0,0,2.75E-22,0,0,0,2.75E-22,0,0,0,2.75E-22,0,0,0,2.75E-22,0,0,0,2.75E-22,0,0,0,2.75E-22,0
,,%,0,0,0,4.29E-22,0,0,0,4.29E-22,0,0,0,4.29E-22,0,0,0,4.29E-22,0,0,0,4.29E-22,0,0,0,4.29E-22,0,0,0,4.29E-22,0,0,0,4.29E-22,0,0,0,4.29E-22,0,0,0,4.29E-22,0,0,0,4.29E-22,0,0,0,4.29E-22,0,0,0,4.29E-22,0,0,0,4.29E-22,0,0,0,4.29E-22,0,0,0,4.29E-22,0,0,0,4.29E-22,0,0,0,4.29E-22,0,0,0,4.29E-22,0,0,0,4.29E-22,0,0,0,4.29E-22,0,0,0,4.29E-22,0,0,0,4.29E-22,0,0,0,4.29E-22,0,0,0,4.29E-22,0,0,0,4.29E-22,0,0,0,4.29E-22,0,0,0,4.29E-22,0,0,0,4.29E-22,0,0,0,4.29E-22,0,0,0,4.29E-22,0,0,0,4.29E-22,0,0,0,4.29E-22,0,0,0,4.29E-22,0,0,0,4.29E-22,0,0,0,4.29E-22,0,0,0,4.29E-22,0,0,0,4.29E-22,0,0,0,4.29E-22,0,0,0,4.29E-22,0,0,0,4.29E-22,0,0,0,4.29E-22,0,0,0,4.29E-22,0,0,0,4.29E-22,0,0,0,4.29E-22,0,0,0,4.29E-22,0,0,0,4.29E-22,0,0,0,4.29E-22,0,0,0,4.29E-22,0,0,0,4.29E-22,0,0,0,4.29E-22,0,0,0,4.29E-22,0,0,0,4.29E-22,0,0,0,4.29E-22,0,0,0,4.29E-22,0,0,0,4.29E-22,0,0,0,4.29E-22
in_alpha = [,,%,5.00E-05,0,0,0,5.00E-05,0,0,0,5.00E-05,0,0,0,5.00E-05,0,0,0,5.00E-05,0,0,0,5.00E-05,0,0,0,5.00E-05,0,0,0,5.00E-05,0,0,0,5.00E-05,0,0,0,5.00E-05,0,0,0,5.00E-05,0,0,0,5.00E-05,0,0,0,5.00E-05,0,0,0,5.00E-05,0,0,0,5.00E-05,0,0,0,5.00E-05,0,0,0,5.00E-05,0,0,0,5.00E-05,0,0,0,5.00E-05,0,0,0,5.00E-05,0,0,0,5.00E-05,0,0,0,5.00E-05,0,0,0,5.00E-05,0,0,0,5.00E-05,0,0,0,5.00E-05,0,0,0,5.00E-05,0,0,0,5.00E-05,0,0,0,5.00E-05,0,0,0,5.00E-05,0,0,0,5.00E-05,0,0,0,5.00E-05,0,0,0,5.00E-05,0,0,0,5.00E-05,0,0,0,5.00E-05,0,0,0,5.00E-05,0,0,0,5.00E-05,0,0,0,5.00E-05,0,0,0,5.00E-05,0,0,0,5.00E-05,0,0,0,5.00E-05,0,0,0,5.00E-05,0,0,0,5.00E-05,0,0,0,5.00E-05,0,0,0,5.00E-05,0,0,0,5.00E-05,0,0,0,5.00E-05,0,0,0,5.00E-05,0,0,0,5.00E-05,0,0,0,5.00E-05,0,0,0,5.00E-05,0,0,0,5.00E-05,0,0,0,5.00E-05,0,0,0,5.00E-05,0,0,0,5.00E-05,0,0,0,5.00E-05,0,0,0,5.00E-05,0,0,0,5.00E-05,0,0,0
,,%,0,0,0,0,0,0,0,0,0,0,0,0,0,0,0,0,0,0,0,0,0,0,0,0,0,0,0,0,0,0,0,0,0,0,0,0,0,0,0,0,0,0,0,0,0,0,0,0,0,0,0,0,0,0,0,0,0,0,0,0,0,0,0,0,0,0,0,0,0,0,0,0,0,0,0,0,0,0,0,0,0,0,0,0,0,0,0,0,0,0,0,0,0,0,0,0,0,0,0,0,0,0,0,0,0,0,0,0,0,0,0,0,0,0,0,0,0,0,0,0,0,0,0,0,0,0,0,0,0,0,0,0,0,0,0,0,0,0,0,0,0,0,0,0,0,0,0,0,0,0,0,0,0,0,0,0,0,0,0,0,0,0,0,0,0,0,0,0,0,0,0,0,0,0,0,0,0,0,0,0,0,0,0,0,0,0,0,0,0,0,0,0,0,0,0,0,0,0,0,0,0,0,0,0,0,0,0,0,0,0,0,0,0,0,0,0,0,0,0,0,0,0,0,0,0,0,0,0
,,%,0,0,0,0,0,0,0,0,0,0,0,0,0,0,0,0,0,0,0,0,0,0,0,0,0,0,0,0,0,0,0,0,0,0,0,0,0,0,0,0,0,0,0,0,0,0,0,0,0,0,0,0,0,0,0,0,0,0,0,0,0,0,0,0,0,0,0,0,0,0,0,0,0,0,0,0,0,0,0,0,0,0,0,0,0,0,0,0,0,0,0,0,0,0,0,0,0,0,0,0,0,0,0,0,0,0,0,0,0,0,0,0,0,0,0,0,0,0,0,0,0,0,0,0,0,0,0,0,0,0,0,0,0,0,0,0,0,0,0,0,0,0,0,0,0,0,0,0,0,0,0,0,0,0,0,0,0,0,0,0,0,0,0,0,0,0,0,0,0,0,0,0,0,0,0,0,0,0,0,0,0,0,0,0,0,0,0,0,0,0,0,0,0,0,0,0,0,0,0,0,0,0,0,0,0,0,0,0,0,0,0,0,0,0,0,0,0,0,0,0,0,0,0,0,0,0,0,0
,,%,0,0,0,0,0,0,0,0,0,0,0,0,0,0,0,0,0,0,0,0,0,0,0,0,0,0,0,0,0,0,0,0,0,0,0,0,0,0,0,0,0,0,0,0,0,0,0,0,0,0,0,0,0,0,0,0,0,0,0,0,0,0,0,0,0,0,0,0,0,0,0,0,0,0,0,0,0,0,0,0,0,0,0,0,0,0,0,0,0,0,0,0,0,0,0,0,0,0,0,0,0,0,0,0,0,0,0,0,0,0,0,0,0,0,0,0,0,0,0,0,0,0,0,0,0,0,0,0,0,0,0,0,0,0,0,0,0,0,0,0,0,0,0,0,0,0,0,0,0,0,0,0,0,0,0,0,0,0,0,0,0,0,0,0,0,0,0,0,0,0,0,0,0,0,0,0,0,0,0,0,0,0,0,0,0,0,0,0,0,0,0,0,0,0,0,0,0,0,0,0,0,0,0,0,0,0,0,0,0,0,0,0,0,0,0,0,0,0,0,0,0,0,0,0,0,0,0,0
in_alpha_p = [,,%,0,0,0,0,0,0,0,0,0,0,0,0,0,0,0,0,0,0,0,0,0,0,0,0,0,0,0,0,0,0,0,0,0,0,0,0,0,0,0,0,0,0,0,0,0,0,0,0,0,0,0,0,0,0,0,0,0,0,0,0,0,0,0,0,0,0,0,0,0,0,0,0,0,0,0,0,0,0,0,0,0,0,0,0,0,0,0,0,0,0,0,0,0,0,0,0,0,0,0,0,0,0,0,0,0,0,0,0,0,0,0,0,0,0,0,0,0,0,0,0,0,0,0,0,0,0,0,0,0,0,0,0,0,0,0,0,0,0,0,0,0,0,0,0,0,0,0,0,0,0,0,0,0,0,0,0,0,0,0,0,0,0,0,0,0,0,0,0,0,0,0,0,0,0,0,0,0,0,0,0,0,0,0,0,0,0,0,0,0,0,0,0,0,0,0,0,0,0,0,0,0,0,0,0,0,0,0,0,0,0,0,0,0,0,0,0,0,0,0,0,0,0,0,0,0,0,0,0
,,%,0,0,0,0,0,0,0,0,0,0,0,0,0,0,0,0,0,0,0,0,0,0,0,0,0,0,0,0,0,0,0,0,0,0,0,0,0,0,0,0,0,0,0,0,0,0,0,0,0,0,0,0,0,0,0,0,0,0,0,0,0,0,0,0,0,0,0,0,0,0,0,0,0,0,0,0,0,0,0,0,0,0,0,0,0,0,0,0,0,0,0,0,0,0,0,0,0,0,0,0,0,0,0,0,0,0,0,0,0,0,0,0,0,0,0,0,0,0,0,0,0,0,0,0,0,0,0,0,0,0,0,0,0,0,0,0,0,0,0,0,0,0,0,0,0,0,0,0,0,0,0,0,0,0,0,0,0,0,0,0,0,0,0,0,0,0,0,0,0,0,0,0,0,0,0,0,0,0,0,0,0,0,0,0,0,0,0,0,0,0,0,0,0,0,0,0,0,0,0,0,0,0,0,0,0,0,0,0,0,0,0,0,0,0,0,0,0,0,0,0,0,0,0,0,0,0,0,0
,,%,0,0,0,0,0,0,0,0,0,0,0,0,0,0,0,0,0,0,0,0,0,0,0,0,0,0,0,0,0,0,0,0,0,0,0,0,0,0,0,0,0,0,0,0,0,0,0,0,0,0,0,0,0,0,0,0,0,0,0,0,0,0,0,0,0,0,0,0,0,0,0,0,0,0,0,0,0,0,0,0,0,0,0,0,0,0,0,0,0,0,0,0,0,0,0,0,0,0,0,0,0,0,0,0,0,0,0,0,0,0,0,0,0,0,0,0,0,0,0,0,0,0,0,0,0,0,0,0,0,0,0,0,0,0,0,0,0,0,0,0,0,0,0,0,0,0,0,0,0,0,0,0,0,0,0,0,0,0,0,0,0,0,0,0,0,0,0,0,0,0,0,0,0,0,0,0,0,0,0,0,0,0,0,0,0,0,0,0,0,0,0,0,0,0,0,0,0,0,0,0,0,0,0,0,0,0,0,0,0,0,0,0,0,0,0,0,0,0,0,0,0,0,0,0,0,0,0,0
,,%,0,0,0,0,0,0,0,0,0,0,0,0,0,0,0,0,0,0,0,0,0,0,0,0,0,0,0,0,0,0,0,0,0,0,0,0,0,0,0,0,0,0,0,0,0,0,0,0,0,0,0,0,0,0,0,0,0,0,0,0,0,0,0,0,0,0,0,0,0,0,0,0,0,0,0,0,0,0,0,0,0,0,0,0,0,0,0,0,0,0,0,0,0,0,0,0,0,0,0,0,0,0,0,0,0,0,0,0,0,0,0,0,0,0,0,0,0,0,0,0,0,0,0,0,0,0,0,0,0,0,0,0,0,0,0,0,0,0,0,0,0,0,0,0,0,0,0,0,0,0,0,0,0,0,0,0,0,0,0,0,0,0,0,0,0,0,0,0,0,0,0,0,0,0,0,0,0,0,0,0,0,0,0,0,0,0,0,0,0,0,0,0,0,0,0,0,0,0,0,0,0,0,0,0,0,0,0,0,0,0,0,0,0,0,0,0,0,0,0,0,0,0,0,0,0,0,0,0
in_eta_i = [,,%,0.074,0.074,0.074,0.074,0.074,0.074,0.074,0.074,0.074,0.074,0.074,0.074,0.074,0.074,0.074,0.074,0.074,0.074,0.074,0.074,0.074,0.074,0.074,0.074,0.074,0.074,0.074,0.074,0.074,0.074,0.074,0.074,0.742,0.742,0.742,0.742,0.074,0.074,0.074,0.074,0.074,0.074,0.074,0.074,0.074,0.074,0.074,0.074,0.074,0.074,0.074,0.074,0.074,0.074,0.074,0.074,0.074,0.074,0.074,0.074,0.074,0.074,0.074,0.074,0.074,0.074,0.074,0.074,0.074,0.074,0.074,0.074,0.074,0.074,0.074,0.074,0.074,0.074,0.074,0.074,0.074,0.074,0.074,0.074,0.074,0.074,0.074,0.074,0.074,0.074,0.074,0.074,0.074,0.074,0.074,0.074,0.074,0.074,0.074,0.074,0.074,0.074,0.074,0.074,0.074,0.074,0.074,0.074,0.742,0.742,0.742,0.742,0.074,0.074,0.074,0.074,0.074,0.074,0.074,0.074,0.074,0.074,0.074,0.074,0.074,0.074,0.074,0.074,0.074,0.074,0.074,0.074,0.074,0.074,0.074,0.074,0.074,0.074,0.074,0.074,0.074,0.074,0.074,0.074,0.074,0.074,0.074,0.074,0.074,0.074,0.074,0.074,0.074,0.074,0.074,0.074,0.074,0.074,0.074,0.074,0.074,0.074,0.074,0.074,0.074,0.074,0.074,0.074,0.074,0.074,0.074,0.074,0.074,0.074,0.074,0.074,0.074,0.074,0.074,0.074,0.074,0.074,0.074,0.074,0.074,0.074,0.074,0.074,0.074,0.074,0.074,0.074,0.074,0.074,0.074,0.074,0.074,0.074,0.074,0.074,0.074,0.074,0.074,0.074,0.074,0.074,0.074,0.074,0.074,0.074,0.074,0.074,0.074,0.074,0.074,0.074,0.074,0.074,0.074,0.074,0.074,0.074,0.074,0.074,0.074,0.074,0.074,0.074
,,%,0.005,0.007,0.01,0.015,0.005,0.007,0.01,0.015,0.005,0.007,0.01,0.015,0.005,0.007,0.01,0.015,0.005,0.007,0.01,0.015,0.005,0.007,0.01,0.015,0.005,0.007,0.01,0.015,0.005,0.007,0.01,0.015,0.049,0.074,0.099,0.148,0.005,0.007,0.01,0.015,0.005,0.007,0.01,0.015,0.005,0.007,0.01,0.015,0.005,0.007,0.01,0.015,0.005,0.007,0.01,0.015,0.005,0.007,0.01,0.015,0.005,0.007,0.01,0.015,0.005,0.007,0.01,0.015,0.005,0.007,0.01,0.015,0.005,0.007,0.01,0.015,0.005,0.007,0.01,0.015,0.005,0.007,0.01,0.015,0.005,0.007,0.01,0.015,0.005,0.007,0.01,0.015,0.005,0.007,0.01,0.015,0.005,0.007,0.01,0.015,0.005,0.007,0.01,0.015,0.005,0.007,0.01,0.015,0.049,0.074,0.099,0.148,0.005,0.007,0.01,0.015,0.005,0.007,0.01,0.015,0.005,0.007,0.01,0.015,0.005,0.007,0.01,0.015,0.005,0.007,0.01,0.015,0.005,0.007,0.01,0.015,0.005,0.007,0.01,0.015,0.005,0.007,0.01,0.015,0.005,0.007,0.01,0.015,0.005,0.007,0.01,0.015,0.005,0.007,0.01,0.015,0.005,0.007,0.01,0.015,0.005,0.007,0.01,0.015,0.005,0.007,0.01,0.015,0.005,0.007,0.01,0.015,0.005,0.007,0.01,0.015,0.005,0.007,0.01,0.015,0.005,0.007,0.01,0.015,0.005,0.007,0.01,0.015,0.005,0.007,0.01,0.015,0.005,0.007,0.01,0.015,0.005,0.007,0.01,0.015,0.005,0.007,0.01,0.015,0.005,0.007,0.01,0.015,0.005,0.007,0.01,0.015,0.005,0.007,0.01,0.015,0.005,0.007,0.01,0.015,0.005,0.007,0.01,0.015,0.005,0.007,0.01,0.015
,,%,0.035,0.04,0.04,0.045,0.035,0.04,0.04,0.045,0.035,0.04,0.04,0.045,0.035,0.04,0.04,0.045,0.035,0.04,0.04,0.045,0.035,0.04,0.04,0.045,0.035,0.04,0.04,0.045,0.035,0.04,0.04,0.045,0.346,0.396,0.396,0.445,0.035,0.04,0.04,0.045,0.035,0.04,0.04,0.045,0.035,0.04,0.04,0.045,0.035,0.04,0.04,0.045,0.035,0.04,0.04,0.045,0.035,0.04,0.04,0.045,0.035,0.04,0.04,0.045,0.035,0.04,0.04,0.045,0.035,0.04,0.04,0.045,0.035,0.04,0.04,0.045,0.035,0.04,0.04,0.045,0.035,0.04,0.04,0.045,0.035,0.04,0.04,0.045,0.035,0.04,0.04,0.045,0.035,0.04,0.04,0.045,0.035,0.04,0.04,0.045,0.035,0.04,0.04,0.045,0.035,0.04,0.04,0.045,0.346,0.396,0.396,0.445,0.035,0.04,0.04,0.045,0.035,0.04,0.04,0.045,0.035,0.04,0.04,0.045,0.035,0.04,0.04,0.045,0.035,0.04,0.04,0.045,0.035,0.04,0.04,0.045,0.035,0.04,0.04,0.045,0.035,0.04,0.04,0.045,0.035,0.04,0.04,0.045,0.035,0.04,0.04,0.045,0.035,0.04,0.04,0.045,0.035,0.04,0.04,0.045,0.035,0.04,0.04,0.045,0.035,0.04,0.04,0.045,0.035,0.04,0.04,0.045,0.035,0.04,0.04,0.045,0.035,0.04,0.04,0.045,0.035,0.04,0.04,0.045,0.035,0.04,0.04,0.045,0.035,0.04,0.04,0.045,0.035,0.04,0.04,0.045,0.035,0.04,0.04,0.045,0.035,0.04,0.04,0.045,0.035,0.04,0.04,0.045,0.035,0.04,0.04,0.045,0.035,0.04,0.04,0.045,0.035,0.04,0.04,0.045,0.035,0.04,0.04,0.045,0.035,0.04,0.04,0.045
,,%,0.02,0.02,0.02,0.02,0.02,0.02,0.02,0.02,0.02,0.02,0.02,0.02,0.02,0.02,0.02,0.02,0.02,0.02,0.02,0.02,0.02,0.02,0.02,0.02,0.02,0.02,0.02,0.02,0.02,0.02,0.02,0.02,0.198,0.198,0.198,0.198,0.02,0.02,0.02,0.02,0.02,0.02,0.02,0.02,0.02,0.02,0.02,0.02,0.02,0.02,0.02,0.02,0.02,0.02,0.02,0.02,0.02,0.02,0.02,0.02,0.02,0.02,0.02,0.02,0.02,0.02,0.02,0.02,0.02,0.02,0.02,0.02,0.02,0.02,0.02,0.02,0.02,0.02,0.02,0.02,0.02,0.02,0.02,0.02,0.02,0.02,0.02,0.02,0.02,0.02,0.02,0.02,0.02,0.02,0.02,0.02,0.02,0.02,0.02,0.02,0.02,0.02,0.02,0.02,0.02,0.02,0.02,0.02,0.198,0.198,0.198,0.198,0.02,0.02,0.02,0.02,0.02,0.02,0.02,0.02,0.02,0.02,0.02,0.02,0.02,0.02,0.02,0.02,0.02,0.02,0.02,0.02,0.02,0.02,0.02,0.02,0.02,0.02,0.02,0.02,0.02,0.02,0.02,0.02,0.02,0.02,0.02,0.02,0.02,0.02,0.02,0.02,0.02,0.02,0.02,0.02,0.02,0.02,0.02,0.02,0.02,0.02,0.02,0.02,0.02,0.02,0.02,0.02,0.02,0.02,0.02,0.02,0.02,0.02,0.02,0.02,0.02,0.02,0.02,0.02,0.02,0.02,0.02,0.02,0.02,0.02,0.02,0.02,0.02,0.02,0.02,0.02,0.02,0.02,0.02,0.02,0.02,0.02,0.02,0.02,0.02,0.02,0.02,0.02,0.02,0.02,0.02,0.02,0.02,0.02,0.02,0.02,0.02,0.02,0.02,0.02,0.02,0.02,0.02,0.02,0.02,0.02,0.02,0.02,0.02,0.02,0.02,0.02
in_eta_p_i = [,,%,0,0,0,0,0,0,0,0,0,0,0,0,0,0,0,0,0,0,0,0,0,0,0,0,0,0,0,0,0,0,0,0,0,0,0,0,0,0,0,0,0,0,0,0,0,0,0,0,0,0,0,0,0,0,0,0,0,0,0,0,0,0,0,0,0,0,0,0,0,0,0,0,0,0,0,0,0,0,0,0,0,0,0,0,0,0,0,0,0,0,0,0,0,0,0,0,0,0,0,0,0,0,0,0,0,0,0,0,0,0,0,0,0,0,0,0,0,0,0,0,0,0,0,0,0,0,0,0,0,0,0,0,0,0,0,0,0,0,0,0,0,0,0,0,0,0,0,0,0,0,0,0,0,0,0,0,0,0,0,0,0,0,0,0,0,0,0,0,0,0,0,0,0,0,0,0,0,0,0,0,0,0,0,0,0,0,0,0,0,0,0,0,0,0,0,0,0,0,0,0,0,0,0,0,0,0,0,0,0,0,0,0,0,0,0,0,0,0,0,0,0,0,0,0,0,0,0,0
,,%,0,0,0,0,0,0,0,0,0,0,0,0,0,0,0,0,0,0,0,0,0,0,0,0,0,0,0,0,0,0,0,0,0,0,0,0,0,0,0,0,0,0,0,0,0,0,0,0,0,0,0,0,0,0,0,0,0,0,0,0,0,0,0,0,0,0,0,0,0,0,0,0,0,0,0,0,0,0,0,0,0,0,0,0,0,0,0,0,0,0,0,0,0,0,0,0,0,0,0,0,0,0,0,0,0,0,0,0,0,0,0,0,0,0,0,0,0,0,0,0,0,0,0,0,0,0,0,0,0,0,0,0,0,0,0,0,0,0,0,0,0,0,0,0,0,0,0,0,0,0,0,0,0,0,0,0,0,0,0,0,0,0,0,0,0,0,0,0,0,0,0,0,0,0,0,0,0,0,0,0,0,0,0,0,0,0,0,0,0,0,0,0,0,0,0,0,0,0,0,0,0,0,0,0,0,0,0,0,0,0,0,0,0,0,0,0,0,0,0,0,0,0,0,0,0,0,0,0
,,%,0,0,0,0,0,0,0,0,0,0,0,0,0,0,0,0,0,0,0,0,0,0,0,0,0,0,0,0,0,0,0,0,0,0,0,0,0,0,0,0,0,0,0,0,0,0,0,0,0,0,0,0,0,0,0,0,0,0,0,0,0,0,0,0,0,0,0,0,0,0,0,0,0,0,0,0,0,0,0,0,0,0,0,0,0,0,0,0,0,0,0,0,0,0,0,0,0,0,0,0,0,0,0,0,0,0,0,0,0,0,0,0,0,0,0,0,0,0,0,0,0,0,0,0,0,0,0,0,0,0,0,0,0,0,0,0,0,0,0,0,0,0,0,0,0,0,0,0,0,0,0,0,0,0,0,0,0,0,0,0,0,0,0,0,0,0,0,0,0,0,0,0,0,0,0,0,0,0,0,0,0,0,0,0,0,0,0,0,0,0,0,0,0,0,0,0,0,0,0,0,0,0,0,0,0,0,0,0,0,0,0,0,0,0,0,0,0,0,0,0,0,0,0,0,0,0,0,0
,,%,0,0,0,0,0,0,0,0,0,0,0,0,0,0,0,0,0,0,0,0,0,0,0,0,0,0,0,0,0,0,0,0,0,0,0,0,0,0,0,0,0,0,0,0,0,0,0,0,0,0,0,0,0,0,0,0,0,0,0,0,0,0,0,0,0,0,0,0,0,0,0,0,0,0,0,0,0,0,0,0,0,0,0,0,0,0,0,0,0,0,0,0,0,0,0,0,0,0,0,0,0,0,0,0,0,0,0,0,0,0,0,0,0,0,0,0,0,0,0,0,0,0,0,0,0,0,0,0,0,0,0,0,0,0,0,0,0,0,0,0,0,0,0,0,0,0,0,0,0,0,0,0,0,0,0,0,0,0,0,0,0,0,0,0,0,0,0,0,0,0,0,0,0,0,0,0,0,0,0,0,0,0,0,0,0,0,0,0,0,0,0,0,0,0,0,0,0,0,0,0,0,0,0,0,0,0,0,0,0,0,0,0,0,0,0,0,0,0,0,0,0,0,0,0,0,0,0,0
in_eta_e = [,,%,2.00E-04,5.00E-06,1.00E-04,1.00E-04,2.00E-04,5.00E-06,1.00E-04,1.00E-04,2.00E-04,5.00E-06,1.00E-04,1.00E-04,2.00E-04,5.00E-06,1.00E-04,1.00E-04,2.00E-04,5.00E-06,1.00E-04,1.00E-04,2.00E-04,5.00E-06,1.00E-04,1.00E-04,2.00E-04,5.00E-06,1.00E-04,1.00E-04,2.00E-04,5.00E-06,1.00E-04,1.00E-04,1.77E-03,6.46E-05,4.52E-04,3.87E-04,3.33E-05,8.33E-07,1.67E-05,1.67E-05,3.33E-05,8.33E-07,1.67E-05,1.67E-05,3.33E-05,8.33E-07,1.67E-05,1.67E-05,3.33E-05,8.33E-07,1.67E-05,1.67E-05,3.33E-05,8.33E-07,1.67E-05,1.67E-05,3.33E-05,8.33E-07,1.67E-05,1.67E-05,3.33E-05,8.33E-07,1.67E-05,1.67E-05,3.33E-05,8.33E-07,1.67E-05,1.67E-05,3.33E-05,8.33E-07,1.67E-05,1.67E-05,3.33E-05,8.33E-07,1.67E-05,1.67E-05,3.33E-05,8.33E-07,1.67E-05,1.67E-05,3.33E-05,8.33E-07,1.67E-05,1.67E-05,3.33E-05,8.33E-07,1.67E-05,1.67E-05,3.33E-05,8.33E-07,1.67E-05,1.67E-05,3.33E-05,8.33E-07,1.67E-05,1.67E-05,3.33E-05,8.33E-07,1.67E-05,1.67E-05,3.33E-05,8.33E-07,1.67E-05,1.67E-05,3.33E-05,8.33E-07,1.67E-05,1.67E-05,1.77E-03,6.46E-05,4.52E-04,3.87E-04,2.00E-04,5.00E-06,1.00E-04,1.00E-04,2.00E-04,5.00E-06,1.00E-04,1.00E-04,2.00E-04,5.00E-06,1.00E-04,1.00E-04,2.00E-04,5.00E-06,1.00E-04,1.00E-04,2.00E-04,5.00E-06,1.00E-04,1.00E-04,2.00E-04,5.00E-06,1.00E-04,1.00E-04,2.00E-04,5.00E-06,1.00E-04,1.00E-04,2.00E-04,5.00E-06,1.00E-04,1.00E-04,2.00E-04,5.00E-06,1.00E-04,1.00E-04,2.00E-04,5.00E-06,1.00E-04,1.00E-04,2.00E-04,5.00E-06,1.00E-04,1.00E-04,2.00E-04,5.00E-06,1.00E-04,1.00E-04,2.00E-04,5.00E-06,1.00E-04,1.00E-04,2.00E-04,5.00E-06,1.00E-04,1.00E-04,2.00E-04,5.00E-06,1.00E-04,1.00E-04,2.00E-04,5.00E-06,1.00E-04,1.00E-04,2.00E-04,5.00E-06,1.00E-04,1.00E-04,2.00E-04,5.00E-06,1.00E-04,1.00E-04,2.00E-04,5.00E-06,1.00E-04,1.00E-04,2.00E-04,5.00E-06,1.00E-04,1.00E-04,2.00E-04,5.00E-06,1.00E-04,1.00E-04,2.00E-04,5.00E-06,1.00E-04,1.00E-04,2.00E-04,5.00E-06,1.00E-04,1.00E-04,2.00E-04,5.00E-06,1.00E-04,1.00E-04,2.00E-04,5.00E-06,1.00E-04,1.00E-04,2.00E-04,5.00E-06,1.00E-04,1.00E-04,2.00E-04,5.00E-06,1.00E-04,1.00E-04,2.00E-04,5.00E-06,1.00E-04,1.00E-04,2.00E-04,5.00E-06,1.00E-04,1.00E-04
in_eta_p_e = [,,%,0,0,0,0,0,0,0,0,0,0,0,0,0,0,0,0,0,0,0,0,0,0,0,0,0,0,0,0,0,0,0,0,0,0,0,0,0,0,0,0,0,0,0,0,0,0,0,0,0,0,0,0,0,0,0,0,0,0,0,0,0,0,0,0,0,0,0,0,0,0,0,0,0,0,0,0,0,0,0,0,0,0,0,0,0,0,0,0,0,0,0,0,0,0,0,0,0,0,0,0,0,0,0,0,0,0,0,0,0,0,0,0,0,0,0,0,0,0,0,0,0,0,0,0,0,0,0,0,0,0,0,0,0,0,0,0,0,0,0,0,0,0,0,0,0,0,0,0,0,0,0,0,0,0,0,0,0,0,0,0,0,0,0,0,0,0,0,0,0,0,0,0,0,0,0,0,0,0,0,0,0,0,0,0,0,0,0,0,0,0,0,0,0,0,0,0,0,0,0,0,0,0,0,0,0,0,0,0,0,0,0,0,0,0,0,0,0,0,0,0,0,0,0,0,0,0,0,0
in_eta_ph = [,,%,2.50E-07,2.50E-09,1.25E-08,1.25E-08,2.50E-07,2.50E-09,1.25E-08,1.25E-08,2.50E-07,2.50E-09,1.25E-08,1.25E-08,2.50E-07,2.50E-09,1.25E-08,1.25E-08,2.50E-07,2.50E-09,1.25E-08,1.25E-08,2.50E-07,2.50E-09,1.25E-08,1.25E-08,2.50E-07,2.50E-09,1.25E-08,1.25E-08,2.50E-07,2.50E-09,1.25E-08,1.25E-08,1.50E-04,4.00E-06,1.50E-05,2.50E-05,2.50E-07,2.50E-09,1.25E-08,1.25E-08,2.50E-07,2.50E-09,1.25E-08,1.25E-08,2.50E-07,2.50E-09,1.25E-08,1.25E-08,2.50E-07,2.50E-09,1.25E-08,1.25E-08,2.50E-07,2.50E-09,1.25E-08,1.25E-08,2.50E-07,2.50E-09,1.25E-08,1.25E-08,2.50E-07,2.50E-09,1.25E-08,1.25E-08,2.50E-07,2.50E-09,1.25E-08,1.25E-08,2.50E-07,2.50E-09,1.25E-08,1.25E-08,2.50E-07,2.50E-09,1.25E-08,1.25E-08,2.50E-07,2.50E-09,1.25E-08,1.25E-08,2.50E-07,2.50E-09,1.25E-08,1.25E-08,2.50E-07,2.50E-09,1.25E-08,1.25E-08,2.50E-07,2.50E-09,1.25E-08,1.25E-08,2.50E-07,2.50E-09,1.25E-08,1.25E-08,2.50E-07,2.50E-09,1.25E-08,1.25E-08,2.50E-07,2.50E-09,1.25E-08,1.25E-08,2.50E-07,2.50E-09,1.25E-08,1.25E-08,1.50E-04,4.00E-06,1.50E-05,2.50E-05,2.50E-07,2.50E-09,1.25E-08,1.25E-08,2.50E-07,2.50E-09,1.25E-08,1.25E-08,2.50E-07,2.50E-09,1.25E-08,1.25E-08,2.50E-07,2.50E-09,1.25E-08,1.25E-08,2.50E-07,2.50E-09,1.25E-08,1.25E-08,2.50E-07,2.50E-09,1.25E-08,1.25E-08,2.50E-07,2.50E-09,1.25E-08,1.25E-08,2.50E-07,2.50E-09,1.25E-08,1.25E-08,2.50E-07,2.50E-09,1.25E-08,1.25E-08,2.50E-07,2.50E-09,1.25E-08,1.25E-08,2.50E-07,2.50E-09,1.25E-08,1.25E-08,2.50E-07,2.50E-09,1.25E-08,1.25E-08,2.50E-07,2.50E-09,1.25E-08,1.25E-08,2.50E-07,2.50E-09,1.25E-08,1.25E-08,2.50E-07,2.50E-09,1.25E-08,1.25E-08,2.50E-07,2.50E-09,1.25E-08,1.25E-08,2.50E-07,2.50E-09,1.25E-08,1.25E-08,2.50E-07,2.50E-09,1.25E-08,1.25E-08,2.50E-07,2.50E-09,1.25E-08,1.25E-08,2.50E-07,2.50E-09,1.25E-08,1.25E-08,2.50E-07,2.50E-09,1.25E-08,1.25E-08,2.50E-07,2.50E-09,1.25E-08,1.25E-08,2.50E-07,2.50E-09,1.25E-08,1.25E-08,2.50E-07,2.50E-09,1.25E-08,1.25E-08,2.50E-07,2.50E-09,1.25E-08,1.25E-08,2.50E-07,2.50E-09,1.25E-08,1.25E-08,2.50E-07,2.50E-09,1.25E-08,1.25E-08,2.50E-07,2.50E-09,1.25E-08,1.25E-08,2.50E-07,2.50E-09,1.25E-08,1.25E-08
in_eta_p_ph = [,,%,0,0,0,0,0,0,0,0,0,0,0,0,0,0,0,0,0,0,0,0,0,0,0,0,0,0,0,0,0,0,0,0,0,0,0,0,0,0,0,0,0,0,0,0,0,0,0,0,0,0,0,0,0,0,0,0,0,0,0,0,0,0,0,0,0,0,0,0,0,0,0,0,0,0,0,0,0,0,0,0,0,0,0,0,0,0,0,0,0,0,0,0,0,0,0,0,0,0,0,0,0,0,0,0,0,0,0,0,0,0,0,0,0,0,0,0,0,0,0,0,0,0,0,0,0,0,0,0,0,0,0,0,0,0,0,0,0,0,0,0,0,0,0,0,0,0,0,0,0,0,0,0,0,0,0,0,0,0,0,0,0,0,0,0,0,0,0,0,0,0,0,0,0,0,0,0,0,0,0,0,0,0,0,0,0,0,0,0,0,0,0,0,0,0,0,0,0,0,0,0,0,0,0,0,0,0,0,0,0,0,0,0,0,0,0,0,0,0,0,0,0,0,0,0,0,0,0,0
in_Cbs = [,,%,0.00E+00,0,0,0,0.00E+00,0,0,0,0.00E+00,0,0,0,0.00E+00,0,0,0,0.00E+00,0,0,0,0.00E+00,0,0,0,0.00E+00,0,0,0,0.00E+00,0,0,0,1.37E+03,0,0,0,1.76E+02,0,0,0,1.72E+03,0,0,0,1.76E+02,0,0,0,1.64E+03,0,0,0,9.84E+01,0,0,0,1.79E+03,0,0,0,1.76E+02,0,0,0,1.64E+03,0,0,0,1.76E+02,0,0,0,1.64E+03,0,0,0,1.76E+02,0,0,0,1.64E+03,0,0,0,1.76E+02,0,0,0,1.64E+03,0,0,0,1.76E+02,0,0,0,1.64E+03,0,0,0,1.76E+02,0,0,0,1.64E+03,0,0,0,1.37E+03,0,0,0,0.00E+00,0,0,0,0.00E+00,0,0,0,0.00E+00,0,0,0,0.00E+00,0,0,0,0.00E+00,0,0,0,0.00E+00,0,0,0,0.00E+00,0,0,0,0.00E+00,0,0,0,0.00E+00,0,0,0,0.00E+00,0,0,0,0.00E+00,0,0,0,0.00E+00,0,0,0,0.00E+00,0,0,0,0.00E+00,0,0,0,0.00E+00,0,0,0,0.00E+00,0,0,0,0.00E+00,0,0,0,0.00E+00,0,0,0,0.00E+00,0,0,0,0.00E+00,0,0,0,0.00E+00,0,0,0,0.00E+00,0,0,0,0.00E+00,0,0,0,0.00E+00,0,0,0,0.00E+00,0,0,0,0.00E+00,0,0,0,0.00E+00,0,0,0,0.00E+00,0,0,0,0.00E+00,0,0,0
,,%,0,0.00E+00,0,0,0,0.00E+00,0,0,0,0.00E+00,0,0,0,0.00E+00,0,0,0,0.00E+00,0,0,0,0.00E+00,0,0,0,0.00E+00,0,0,0,0.00E+00,0,0,0,6.39E+02,0,0,0,6.23E+01,0,0,0,6.12E+02,0,0,0,6.23E+01,0,0,0,5.84E+02,0,0,0,3.50E+01,0,0,0,6.48E+02,0,0,0,6.23E+01,0,0,0,5.85E+02,0,0,0,6.23E+01,0,0,0,5.85E+02,0,0,0,6.23E+01,0,0,0,5.85E+02,0,0,0,6.23E+01,0,0,0,5.85E+02,0,0,0,6.23E+01,0,0,0,5.85E+02,0,0,0,6.23E+01,0,0,0,5.85E+02,0,0,0,6.39E+02,0,0,0,0.00E+00,0,0,0,0.00E+00,0,0,0,0.00E+00,0,0,0,0.00E+00,0,0,0,0.00E+00,0,0,0,0.00E+00,0,0,0,0.00E+00,0,0,0,0.00E+00,0,0,0,0.00E+00,0,0,0,0.00E+00,0,0,0,0.00E+00,0,0,0,0.00E+00,0,0,0,0.00E+00,0,0,0,0.00E+00,0,0,0,0.00E+00,0,0,0,0.00E+00,0,0,0,0.00E+00,0,0,0,0.00E+00,0,0,0,0.00E+00,0,0,0,0.00E+00,0,0,0,0.00E+00,0,0,0,0.00E+00,0,0,0,0.00E+00,0,0,0,0.00E+00,0,0,0,0.00E+00,0,0,0,0.00E+00,0,0,0,0.00E+00,0,0,0,0.00E+00,0,0,0,0.00E+00,0,0
,,%,0,0,0,0,0,0,0,0,0,0,0,0,0,0,0,0,0,0,0,0,0,0,0,0,0,0,0,0,0,0,0,0,0,0,5.05E+02,0,0,0,4.71E+01,0,0,0,4.63E+02,0,0,0,4.71E+01,0,0,0,4.42E+02,0,0,0,2.65E+01,0,0,0,4.91E+02,0,0,0,4.71E+01,0,0,0,4.42E+02,0,0,0,4.71E+01,0,0,0,4.42E+02,0,0,0,4.71E+01,0,0,0,4.42E+02,0,0,0,4.71E+01,0,0,0,4.42E+02,0,0,0,4.71E+01,0,0,0,4.42E+02,0,0,0,4.71E+01,0,0,0,4.42E+02,0,0,0,5.05E+02,0,0,0,0,0,0,0,0,0,0,0,0,0,0,0,0,0,0,0,0,0,0,0,0,0,0,0,0,0,0,0,0,0,0,0,0,0,0,0,0,0,0,0,0,0,0,0,0,0,0,0,0,0,0,0,0,0,0,0,0,0,0,0,0,0,0,0,0,0,0,0,0,0,0,0,0,0,0,0,0,0,0,0,0,0,0,0,0,0,0,0,0,0,0,0,0,0,0,0,0,0,0,0,0,0,0,0,0,0,0,0,0,0,0,0,0,0
,,%,0,0,0,0,0,0,0,0,0,0,0,0,0,0,0,0,0,0,0,0,0,0,0,0,0,0,0,0,0,0,0,0,0,0,0,4.42E+02,0,0,0,3.76E+01,0,0,0,3.70E+02,0,0,0,3.76E+01,0,0,0,3.53E+02,0,0,0,2.12E+01,0,0,0,3.94E+02,0,0,0,3.76E+01,0,0,0,3.53E+02,0,0,0,3.76E+01,0,0,0,3.53E+02,0,0,0,3.76E+01,0,0,0,3.53E+02,0,0,0,3.76E+01,0,0,0,3.53E+02,0,0,0,3.76E+01,0,0,0,3.53E+02,0,0,0,3.76E+01,0,0,0,3.53E+02,0,0,0,4.42E+02,0,0,0,0,0,0,0,0,0,0,0,0,0,0,0,0,0,0,0,0,0,0,0,0,0,0,0,0,0,0,0,0,0,0,0,0,0,0,0,0,0,0,0,0,0,0,0,0,0,0,0,0,0,0,0,0,0,0,0,0,0,0,0,0,0,0,0,0,0,0,0,0,0,0,0,0,0,0,0,0,0,0,0,0,0,0,0,0,0,0,0,0,0,0,0,0,0,0,0,0,0,0,0,0,0,0,0,0,0,0,0,0,0,0,0,0
in_Qth = [,,%,1.00E-11,3.00E-15,1.00E-12,1.00E-12,1.00E-11,3.00E-15,1.00E-12,1.00E-12,1.00E-11,3.00E-15,1.00E-12,1.00E-12,1.00E-11,3.00E-15,1.00E-12,1.00E-12,1.00E-11,3.00E-15,1.00E-12,1.00E-12,1.00E-11,3.00E-15,1.00E-12,1.00E-12,1.00E-11,3.00E-15,1.00E-12,1.00E-12,1.00E-11,3.00E-15,1.00E-12,1.00E-12,1.00E-11,3.00E-15,1.00E-12,1.00E-12,1.00E-11,3.00E-15,1.00E-12,1.00E-12,1.00E-11,3.00E-15,1.00E-12,1.00E-12,1.00E-11,3.00E-15,1.00E-12,1.00E-12,1.00E-11,3.00E-15,1.00E-12,1.00E-12,1.00E-11,3.00E-15,1.00E-12,1.00E-12,1.00E-11,3.00E-15,1.00E-12,1.00E-12,1.00E-11,3.00E-15,1.00E-12,1.00E-12,1.00E-11,3.00E-15,1.00E-12,1.00E-12,1.00E-11,3.00E-15,1.00E-12,1.00E-12,1.00E-11,3.00E-15,1.00E-12,1.00E-12,1.00E-11,3.00E-15,1.00E-12,1.00E-12,1.00E-11,3.00E-15,1.00E-12,1.00E-12,1.00E-11,3.00E-15,1.00E-12,1.00E-12,1.00E-11,3.00E-15,1.00E-12,1.00E-12,1.00E-11,3.00E-15,1.00E-12,1.00E-12,1.00E-11,3.00E-15,1.00E-12,1.00E-12,1.00E-11,3.00E-15,1.00E-12,1.00E-12,1.00E-11,3.00E-15,1.00E-12,1.00E-12,1.00E-11,3.00E-15,1.00E-12,1.00E-12,1.00E-11,3.00E-15,1.00E-12,1.00E-12,1.00E-11,3.00E-15,1.00E-12,1.00E-12,1.00E-11,3.00E-15,1.00E-12,1.00E-12,1.00E-11,3.00E-15,1.00E-12,1.00E-12,1.00E-11,3.00E-15,1.00E-12,1.00E-12,1.00E-11,3.00E-15,1.00E-12,1.00E-12,1.00E-11,3.00E-15,1.00E-12,1.00E-12,1.00E-11,3.00E-15,1.00E-12,1.00E-12,1.00E-11,3.00E-15,1.00E-12,1.00E-12,1.00E-11,3.00E-15,1.00E-12,1.00E-12,1.00E-11,3.00E-15,1.00E-12,1.00E-12,1.00E-11,3.00E-15,1.00E-12,1.00E-12,1.00E-11,3.00E-15,1.00E-12,1.00E-12,1.00E-11,3.00E-15,1.00E-12,1.00E-12,1.00E-11,3.00E-15,1.00E-12,1.00E-12,1.00E-11,3.00E-15,1.00E-12,1.00E-12,1.00E-11,3.00E-15,1.00E-12,1.00E-12,1.00E-11,3.00E-15,1.00E-12,1.00E-12,1.00E-11,3.00E-15,1.00E-12,1.00E-12,1.00E-11,3.00E-15,1.00E-12,1.00E-12,1.00E-11,3.00E-15,1.00E-12,1.00E-12,1.00E-11,3.00E-15,1.00E-12,1.00E-12,1.00E-11,3.00E-15,1.00E-12,1.00E-12,1.00E-11,3.00E-15,1.00E-12,1.00E-12,1.00E-11,3.00E-15,1.00E-12,1.00E-12,1.00E-11,3.00E-15,1.00E-12,1.00E-12,1.00E-11,3.00E-15,1.00E-12,1.00E-12,1.00E-11,3.00E-15,1.00E-12,1.00E-12,1.00E-11,3.00E-15,1.00E-12,1.00E-12
in_n_e = [,,%,0,0,0,0,0,0,0,0,0,0,0,0,0,0,0,0,0,0,0,0,0,0,0,0,0,0,0,0,0,0,0,0,0,0,0,0,0,0,0,0,0,0,0,0,0,0,0,0,0,0,0,0,0,0,0,0,0,0,0,0,0,0,0,0,0,0,0,0,0,0,0,0,0,0,0,0,0,0,0,0,0,0,0,0,0,0,0,0,0,0,0,0,0,0,0,0,0,0,0,0,0,0,0,0,0,0,0,0,0,0,0,0,0,0,0,0,0,0,0,0,0,0,0,0,0,0,0,0,0,0,0,0,0,0,0,0,0,0,0,0,0,0,0,0,0,0,0,0,0,0,0,0,0,0,0,0,0,0,0,0,0,0,0,0,0,0,0,0,0,0,0,0,0,0,0,0,0,0,0,0,0,0,0,0,0,0,0,0,0,0,0,0,0,0,0,0,0,0,0,0,0,0,0,0,0,0,0,0,0,0,0,0,0,0,0,0,0,0,0,0,0,0,0,0,0,0,0,0
in_N_e = [,,%,6.00E+13,0,0,0,6.00E+13,0,0,0,6.00E+13,0,0,0,6.00E+13,0,0,0,6.00E+13,0,0,0,6.00E+13,0,0,0,6.00E+13,0,0,0,6.00E+13,0,0,0,1.20E+14,0,0,0,9.38E+13,0.00E+00,0.00E+00,0.00E+00,8.73E+13,0.00E+00,0.00E+00,0.00E+00,4.62E+13,0.00E+00,0.00E+00,0.00E+00,4.65E+13,0.00E+00,0.00E+00,0.00E+00,4.73E+13,0.00E+00,0.00E+00,0.00E+00,6.44E+13,0.00E+00,0.00E+00,0.00E+00,6.94E+13,0.00E+00,0.00E+00,0.00E+00,7.01E+13,0.00E+00,0.00E+00,0.00E+00,7.17E+13,0.00E+00,0.00E+00,0.00E+00,7.25E+13,0.00E+00,0.00E+00,0.00E+00,7.42E+13,0.00E+00,0.00E+00,0.00E+00,7.50E+13,0.00E+00,0.00E+00,0.00E+00,7.69E+13,0.00E+00,0.00E+00,0.00E+00,7.77E+13,0.00E+00,0.00E+00,0.00E+00,7.98E+13,0.00E+00,0.00E+00,0.00E+00,8.07E+13,0.00E+00,0.00E+00,0.00E+00,8.29E+13,0.00E+00,0.00E+00,0.00E+00,8.39E+13,0.00E+00,0.00E+00,0.00E+00,1.20E+14,0,0,0,6.00E+13,0,0,0,6.00E+13,0,0,0,6.00E+13,0,0,0,6.00E+13,0,0,0,6.00E+13,0,0,0,6.00E+13,0,0,0,6.00E+13,0,0,0,6.00E+13,0,0,0,6.00E+13,0,0,0,6.00E+13,0,0,0,6.00E+13,0,0,0,6.00E+13,0,0,0,6.00E+13,0,0,0,6.00E+13,0,0,0,6.00E+13,0,0,0,6.00E+13,0,0,0,6.00E+13,0,0,0,6.00E+13,0,0,0,6.00E+13,0,0,0,6.00E+13,0,0,0,6.00E+13,0,0,0,6.00E+13,0,0,0,6.00E+13,0,0,0,6.00E+13,0,0,0,6.00E+13,0,0,0,6.00E+13,0,0,0,6.00E+13,0,0,0,6.00E+13,0,0,0,6.00E+13,0,0,0
in_Gamma_ph = [,,%,3.00E+15,0,0,0,3.00E+15,0,0,0,3.00E+15,0,0,0,3.00E+15,0,0,0,3.00E+15,0,0,0,3.00E+15,0,0,0,3.00E+15,0,0,0,3.00E+15,0,0,0,3.00E+15,0,0,0,4.69E+15,0,0,0,4.36E+15,0,0,0,2.31E+15,0,0,0,2.32E+15,0,0,0,2.36E+15,0,0,0,3.22E+15,0,0,0,3.47E+15,0,0,0,3.50E+15,0,0,0,3.59E+15,0,0,0,3.62E+15,0,0,0,3.71E+15,0,0,0,3.75E+15,0,0,0,3.85E+15,0,0,0,3.89E+15,0,0,0,3.99E+15,0,0,0,4.03E+15,0,0,0,4.14E+15,0,0,0,4.19E+15,0,0,0,3.00E+15,0,0,0,3.00E+15,0,0,0,3.00E+15,0,0,0,3.00E+15,0,0,0,3.00E+15,0,0,0,3.00E+15,0,0,0,3.00E+15,0,0,0,3.00E+15,0,0,0,3.00E+15,0,0,0,3.00E+15,0,0,0,3.00E+15,0,0,0,3.00E+15,0,0,0,3.00E+15,0,0,0,3.00E+15,0,0,0,3.00E+15,0,0,0,3.00E+15,0,0,0,3.00E+15,0,0,0,3.00E+15,0,0,0,3.00E+15,0,0,0,3.00E+15,0,0,0,3.00E+15,0,0,0,3.00E+15,0,0,0,3.00E+15,0,0,0,3.00E+15,0,0,0,3.00E+15,0,0,0,3.00E+15,0,0,0,3.00E+15,0,0,0,3.00E+15,0,0,0,3.00E+15,0,0,0,3.00E+15,0,0,0
in_S_Nplus1 = [,[l/s] (H2),%,0.00E+00,0,0,0,0.00E+00,0,0,0,0.00E+00,0,0,0,0.00E+00,0,0,0,0.00E+00,0,0,0,0.00E+00,0,0,0,0.00E+00,0,0,0,0.00E+00,0,0,0,0.00E+00,0,0,0,0.00E+00,0,0,0,0.00E+00,0,0,0,0.00E+00,0,0,0,0.00E+00,0,0,0,0.00E+00,0,0,0,0.00E+00,0,0,0,0.00E+00,0,0,0,0.00E+00,0,0,0,0.00E+00,0,0,0,0.00E+00,0,0,0,0.00E+00,0,0,0,0.00E+00,0,0,0,0.00E+00,0,0,0,0.00E+00,0,0,0,0.00E+00,0,0,0,0.00E+00,0,0,0,0.00E+00,0,0,0,0.00E+00,0,0,0,0.00E+00,0,0,0,0.00E+00,0,0,0,0.00E+00,0,0,0,0.00E+00,0,0,0,0.00E+00,0,0,0,0.00E+00,0,0,0,0.00E+00,0,0,0,0.00E+00,0,0,0,0.00E+00,0,0,0,0.00E+00,0,0,0,0.00E+00,0,0,0,0.00E+00,0,0,0,0.00E+00,0,0,0,0.00E+00,0,0,0,0.00E+00,0,0,0,0.00E+00,0,0,0,0.00E+00,0,0,0,0.00E+00,0,0,0,0.00E+00,0,0,0,0.00E+00,0,0,0,0.00E+00,0,0,0,0.00E+00,0,0,0,0.00E+00,0,0,0,0.00E+00,0,0,0,0.00E+00,0,0,0,0.00E+00,0,0,0,0.00E+00,0,0,0,0.00E+00,0,0,0,0.00E+00,0,0,0,0.00E+00,0,0,0
,[l/s] (CH4),%,0,0.00E+00,0,0,0,0.00E+00,0,0,0,0.00E+00,0,0,0,0.00E+00,0,0,0,0.00E+00,0,0,0,0.00E+00,0,0,0,0.00E+00,0,0,0,0.00E+00,0,0,0,0.00E+00,0,0,0,0.00E+00,0,0,0,0.00E+00,0,0,0,0.00E+00,0,0,0,0.00E+00,0,0,0,0.00E+00,0,0,0,0.00E+00,0,0,0,0.00E+00,0,0,0,0.00E+00,0,0,0,0.00E+00,0,0,0,0.00E+00,0,0,0,0.00E+00,0,0,0,0.00E+00,0,0,0,0.00E+00,0,0,0,0.00E+00,0,0,0,0.00E+00,0,0,0,0.00E+00,0,0,0,0.00E+00,0,0,0,0.00E+00,0,0,0,0.00E+00,0,0,0,0.00E+00,0,0,0,0.00E+00,0,0,0,0.00E+00,0,0,0,0.00E+00,0,0,0,0.00E+00,0,0,0,0.00E+00,0,0,0,0.00E+00,0,0,0,0.00E+00,0,0,0,0.00E+00,0,0,0,0.00E+00,0,0,0,0.00E+00,0,0,0,0.00E+00,0,0,0,0.00E+00,0,0,0,0.00E+00,0,0,0,0.00E+00,0,0,0,0.00E+00,0,0,0,0.00E+00,0,0,0,0.00E+00,0,0,0,0.00E+00,0,0,0,0.00E+00,0,0,0,0.00E+00,0,0,0,0.00E+00,0,0,0,0.00E+00,0,0,0,0.00E+00,0,0,0,0.00E+00,0,0,0,0.00E+00,0,0,0,0.00E+00,0,0,0,0.00E+00,0,0,0,0.00E+00,0,0
,[l/s] (CO),%,0,0,0.00E+00,0,0,0,0.00E+00,0,0,0,0.00E+00,0,0,0,0.00E+00,0,0,0,0.00E+00,0,0,0,0.00E+00,0,0,0,0.00E+00,0,0,0,0.00E+00,0,0,0,0.00E+00,0,0,0,0.00E+00,0,0,0,0.00E+00,0,0,0,0.00E+00,0,0,0,0.00E+00,0,0,0,0.00E+00,0,0,0,0.00E+00,0,0,0,0.00E+00,0,0,0,0.00E+00,0,0,0,0.00E+00,0,0,0,0.00E+00,0,0,0,0.00E+00,0,0,0,0.00E+00,0,0,0,0.00E+00,0,0,0,0.00E+00,0,0,0,0.00E+00,0,0,0,0.00E+00,0,0,0,0.00E+00,0,0,0,0.00E+00,0,0,0,0.00E+00,0,0,0,0.00E+00,0,0,0,0.00E+00,0,0,0,0.00E+00,0,0,0,0.00E+00,0,0,0,0.00E+00,0,0,0,0.00E+00,0,0,0,0.00E+00,0,0,0,0.00E+00,0,0,0,0.00E+00,0,0,0,0.00E+00,0,0,0,0.00E+00,0,0,0,0.00E+00,0,0,0,0.00E+00,0,0,0,0.00E+00,0,0,0,0.00E+00,0,0,0,0.00E+00,0,0,0,0.00E+00,0,0,0,0.00E+00,0,0,0,0.00E+00,0,0,0,0.00E+00,0,0,0,0.00E+00,0,0,0,0.00E+00,0,0,0,0.00E+00,0,0,0,0.00E+00,0,0,0,0.00E+00,0,0,0,0.00E+00,0,0,0,0.00E+00,0,0,0,0.00E+00,0,0,0,0.00E+00,0
,[l/s] (CO2),%,0,0,0,0.00E+00,0,0,0,0.00E+00,0,0,0,0.00E+00,0,0,0,0.00E+00,0,0,0,0.00E+00,0,0,0,0.00E+00,0,0,0,0.00E+00,0,0,0,0.00E+00,0,0,0,0.00E+00,0,0,0,0.00E+00,0,0,0,0.00E+00,0,0,0,0.00E+00,0,0,0,0.00E+00,0,0,0,0.00E+00,0,0,0,0.00E+00,0,0,0,0.00E+00,0,0,0,0.00E+00,0,0,0,0.00E+00,0,0,0,0.00E+00,0,0,0,0.00E+00,0,0,0,0.00E+00,0,0,0,0.00E+00,0,0,0,0.00E+00,0,0,0,0.00E+00,0,0,0,0.00E+00,0,0,0,0.00E+00,0,0,0,0.00E+00,0,0,0,0.00E+00,0,0,0,0.00E+00,0,0,0,0.00E+00,0,0,0,0.00E+00,0,0,0,0.00E+00,0,0,0,0.00E+00,0,0,0,0.00E+00,0,0,0,0.00E+00,0,0,0,0.00E+00,0,0,0,0.00E+00,0,0,0,0.00E+00,0,0,0,0.00E+00,0,0,0,0.00E+00,0,0,0,0.00E+00,0,0,0,0.00E+00,0,0,0,0.00E+00,0,0,0,0.00E+00,0,0,0,0.00E+00,0,0,0,0.00E+00,0,0,0,0.00E+00,0,0,0,0.00E+00,0,0,0,0.00E+00,0,0,0,0.00E+00,0,0,0,0.00E+00,0,0,0,0.00E+00,0,0,0,0.00E+00,0,0,0,0.00E+00,0,0,0,0.00E+00,0,0,0,0.00E+00,0,0,0,0.00E+00
in_g_Nplus1 = [,[torrl/s],%,0,0,0,0,0,0,0,0,0,0,0,0,0,0,0,0,0,0,0,0,0,0,0,0,0,0,0,0,0,0,0,0,0,0,0,0,0,0,0,0,0,0,0,0,0,0,0,0,0,0,0,0,0,0,0,0,0,0,0,0,0,0,0,0,0,0,0,0,0,0,0,0,0,0,0,0,0,0,0,0,0,0,0,0,0,0,0,0,0,0,0,0,0,0,0,0,0,0,0,0,0,0,0,0,0,0,0,0,0,0,0,0,0,0,0,0,0,0,0,0,0,0,0,0,0,0,0,0,0,0,0,0,0,0,0,0,0,0,0,0,0,0,0,0,0,0,0,0,0,0,0,0,0,0,0,0,0,0,0,0,0,0,0,0,0,0,0,0,0,0,0,0,0,0,0,0,0,0,0,0,0,0,0,0,0,0,0,0,0,0,0,0,0,0,0,0,0,0,0,0,0,0,0,0,0,0,0,0,0,0,0,0,0,0,0,0,0,0,0,0,0,0,0,0,0,0,0,0
